winner_id,cal_year,player_id,winner,wins
1,1958,1910,Arnold Palmer,3
2,1958,2247,Art Wall,2
3,1958,1591,Bill Johnston,1
4,1958,1177,Billy Casper,3
5,1958,1763,Billy Maxwell,1
6,1958,1422,Bob Goalby,1
7,1958,1811,Cary Middlecoff,1
8,1958,1359,Doug Ford,1
9,1958,2042,Doug Sanders,1
10,1958,1345,Dow Finsterwald,2
11,1958,10,Dutch Harrison,1
12,1958,9,Ed Oliver,1
13,1958,5627,Ernie Vossler,1
14,1958,11,Frank Stranahan,1
15,1958,1955,Gary Player,1
16,1958,1067,George Bayer,2
17,1958,1588,Howie Johnson,1
18,1958,13668,Jack Burke Jr,1
19,1958,1504,Jay Hebert,1
20,1958,1337,Jim Ferree,1
21,1958,1,John McMullin,1
22,1958,1108,Julius Boros,2
23,1958,2236,Ken Venturi,4
24,1958,1505,Lionel Hebert,1
25,1958,2125,Mike Souchak,1
26,1958,2,Pete Cooper,1
27,1958,2199,Peter Thomson,1
28,1958,2119,Sam Snead,1
29,1958,1679,Stan Leonard,1
30,1958,1104,Tommy Bolt,2
31,1958,1570,Tommy Jacobs,1
32,1958,3,Wes Ellis,1
33,1959,1910,Arnold Palmer,3
34,1959,2247,Art Wall,4
35,1959,1528,Ben Hogan,1
36,1959,1209,Bill Collins,1
37,1959,1177,Billy Casper,4
38,1959,2022,Bob Rosburg,1
39,1959,1811,Cary Middlecoff,1
40,1959,1982,Dave Ragan,1
41,1959,5643,Don Whitt,2
42,1959,1359,Doug Ford,1
43,1959,2042,Doug Sanders,1
44,1959,1345,Dow Finsterwald,3
45,1959,5428,Eric Monti,1
46,1959,5627,Ernie Vossler,1
47,1959,1955,Gary Player,1
48,1959,1695,Gene Littler,5
49,1959,1588,Howie Johnson,1
50,1959,13668,Jack Burke Jr,1
51,1959,1504,Jay Hebert,1
52,1959,1108,Julius Boros,1
53,1959,2236,Ken Venturi,2
54,1959,1383,Marty Furgol,2
55,1959,2032,Mason Rudolph,1
56,1959,2125,Mike Souchak,3
57,1959,1483,Paul Harney,1
58,1959,1873,Tom Nieporte,1
59,1959,3,Wes Ellis,1
60,1960,1910,Arnold Palmer,8
61,1960,2247,Art Wall,1
62,1960,1209,Bill Collins,2
63,1960,1591,Bill Johnston,1
64,1960,1177,Billy Casper,3
65,1960,1422,Bob Goalby,1
66,1960,1325,Don Fairfield,1
67,1960,1576,Don January,1
68,1960,1359,Doug Ford,1
69,1960,1345,Dow Finsterwald,2
70,1960,5627,Ernie Vossler,1
71,1960,1695,Gene Littler,2
72,1960,1067,George Bayer,1
73,1960,1351,Jack Fleck,1
74,1960,1504,Jay Hebert,1
75,1960,1055,Jerry Barber,2
76,1960,1962,Johnny Pott,2
77,1960,1108,Julius Boros,1
78,1960,5454,Kel Nagle,1
79,1960,2236,Ken Venturi,2
80,1960,1505,Lionel Hebert,1
81,1960,2125,Mike Souchak,2
82,1960,2119,Sam Snead,2
83,1960,1679,Stan Leonard,1
84,1960,1873,Tom Nieporte,1
85,1960,1104,Tommy Bolt,1
86,1961,1910,Arnold Palmer,6
87,1961,1177,Billy Casper,1
88,1961,1763,Billy Maxwell,2
89,1961,1422,Bob Goalby,2
90,1961,1772,Bob McCallister,1
91,1961,2022,Bob Rosburg,1
92,1961,1233,Bruce Crampton,1
93,1961,1045,Butch Baird,1
94,1961,1811,Cary Middlecoff,1
95,1961,1519,Dave Hill,2
96,1961,1743,Dave Marr,1
97,1961,1576,Don January,1
98,1961,1359,Doug Ford,1
99,1961,2042,Doug Sanders,5
100,1961,4,Earl Stewart,1
101,1961,5428,Eric Monti,1
102,1961,1955,Gary Player,3
103,1961,1124,Gay Brewer,3
104,1961,1695,Gene Littler,1
105,1961,1640,George Knudson,1
106,1961,13668,Jack Burke Jr,1
107,1961,1351,Jack Fleck,1
108,1961,1240,Jacky Cupit,1
109,1961,1504,Jay Hebert,2
110,1961,1055,Jerry Barber,2
111,1961,14780,Jim Ferrier,1
112,1961,5096,Joe Campbell,1
113,1961,2125,Mike Souchak,1
114,1961,2119,Sam Snead,1
115,1961,1104,Tommy Bolt,1
116,1962,1401,Al Geiberger,1
117,1962,1590,Al Johnston,1
118,1962,1910,Arnold Palmer,8
119,1962,1209,Bill Collins,1
120,1962,1177,Billy Casper,4
121,1962,1763,Billy Maxwell,1
122,1962,5,Bo Wininger,2
123,1962,1422,Bob Goalby,2
124,1962,1867,Bobby Nichols,2
125,1962,1233,Bruce Crampton,1
126,1962,1743,Dave Marr,1
127,1962,1982,Dave Ragan,2
128,1962,1359,Doug Ford,2
129,1962,2042,Doug Sanders,3
130,1962,1273,Gardner Dickinson,1
131,1962,1955,Gary Player,1
132,1962,1695,Gene Littler,2
133,1962,1869,Jack Nicklaus,3
134,1962,1240,Jacky Cupit,1
135,1962,5096,Joe Campbell,1
136,1962,5023,John Barnum,1
137,1962,1962,Johnny Pott,1
138,1962,1505,Lionel Hebert,1
139,1962,2014,Phil Rodgers,2
140,1962,1653,Ted Kroll,1
141,1962,1570,Tommy Jacobs,1
142,1962,6,Tony Lema,3
143,1963,1401,Al Geiberger,1
144,1963,1910,Arnold Palmer,7
145,1963,1177,Billy Casper,2
146,1963,5,Bo Wininger,1
147,1963,1189,Bob Charles,2
148,1963,1867,Bobby Nichols,1
149,1963,2015,Chi Chi Rodriguez,1
150,1963,6410,Dan Sikes,1
151,1963,1519,Dave Hill,1
152,1963,1325,Don Fairfield,1
153,1963,1576,Don January,1
154,1963,1359,Doug Ford,1
155,1963,2042,Doug Sanders,1
156,1963,1345,Dow Finsterwald,1
157,1963,1069,Frank Beard,1
158,1963,1955,Gary Player,1
159,1963,1124,Gay Brewer,1
160,1963,1640,George Knudson,1
161,1963,13668,Jack Burke Jr,1
162,1963,1869,Jack Nicklaus,5
163,1963,5539,Jack Rule,1
164,1963,1055,Jerry Barber,1
165,1963,1962,Johnny Pott,1
166,1963,1108,Julius Boros,3
167,1963,2032,Mason Rudolph,1
168,1963,2014,Phil Rodgers,1
169,1963,1355,Raymond Floyd,1
170,1963,5027,Rex Baxter,1
171,1963,1570,Tommy Jacobs,1
172,1963,6,Tony Lema,1
173,1964,1084,Al Besselink,1
174,1964,1910,Arnold Palmer,2
175,1964,2247,Art Wall,1
176,1964,1177,Billy Casper,4
177,1964,1772,Bob McCallister,1
178,1964,1867,Bobby Nichols,2
179,1964,1233,Bruce Crampton,1
180,1964,1269,Bruce Devlin,1
181,1964,1215,Charles Coody,1
182,1964,2015,Chi Chi Rodriguez,2
183,1964,1227,Charles Courtney,1
184,1964,1955,Gary Player,2
185,1964,1640,George Knudson,1
186,1964,7,Jack McGowan,1
187,1964,1869,Jack Nicklaus,4
188,1964,1240,Jacky Cupit,1
189,1964,1108,Julius Boros,1
190,1964,5454,Kel Nagle,1
191,1964,2236,Ken Venturi,3
192,1964,2032,Mason Rudolph,1
193,1964,2125,Mike Souchak,2
194,1964,1057,Miller Barber,1
195,1964,1483,Paul Harney,1
196,1964,1137,Pete Brown,1
197,1964,2093,R.H. Sikes,1
198,1964,1570,Tommy Jacobs,1
199,1964,6,Tony Lema,5
200,1965,1401,Al Geiberger,1
201,1965,1910,Arnold Palmer,1
202,1965,1525,Babe Hiskey,1
203,1965,2259,Bert Weaver,1
204,1965,1177,Billy Casper,4
205,1965,1189,Bob Charles,1
206,1965,1867,Bobby Nichols,1
207,1965,8001,Bob Verwey,1
208,1965,1233,Bruce Crampton,3
209,1965,6410,Dan Sikes,1
210,1965,1743,Dave Marr,1
211,1965,5271,Dick Hart,1
212,1965,1765,Dick Mayer,1
213,1965,2042,Doug Sanders,2
214,1965,1069,Frank Beard,1
215,1965,1955,Gary Player,1
216,1965,1124,Gay Brewer,2
217,1965,1695,Gene Littler,1
218,1965,1033,George Archer,1
219,1965,1869,Jack Nicklaus,5
220,1965,5539,Jack Rule,1
221,1965,1483,Paul Harney,1
222,1965,2199,Peter Thomson,1
223,1965,1355,Raymond Floyd,1
224,1965,11421,Rod Funseth,1
225,1965,2119,Sam Snead,1
226,1965,6,Tony Lema,2
227,1965,3,Wes Ellis,1
228,1966,1401,Al Geiberger,1
229,1966,1910,Arnold Palmer,3
230,1966,2247,Art Wall,1
231,1966,2309,Bert Yancey,3
232,1966,1177,Billy Casper,4
233,1966,1867,Bobby Nichols,1
234,1966,1269,Bruce Devlin,2
235,1966,1576,Don January,1
236,1966,1752,Don Massengale,2
237,1966,2042,Doug Sanders,3
238,1966,2307,Dudley Wysong,1
239,1966,1069,Frank Beard,1
240,1966,1124,Gay Brewer,1
241,1966,1511,Harold Henning,1
242,1966,1099,Homero Blancas,1
243,1966,1869,Jack Nicklaus,3
244,1966,1240,Jacky Cupit,1
245,1966,5096,Joe Campbell,1
246,1966,2236,Ken Venturi,1
247,1966,1505,Lionel Hebert,1
248,1966,2032,Mason Rudolph,1
249,1966,2014,Phil Rodgers,2
250,1966,2093,R.H. Sikes,1
251,1966,5163,Roberto De Vicenzo,1
252,1966,8,Ted Makalena,1
253,1966,6,Tony Lema,1
254,1967,1910,Arnold Palmer,4
255,1967,2309,Bert Yancey,1
256,1967,1177,Billy Casper,2
257,1967,1189,Bob Charles,1
258,1967,1422,Bob Goalby,1
259,1967,2091,Charles Sifford,1
260,1967,2015,Chi Chi Rodriguez,1
261,1967,6410,Dan Sikes,2
262,1967,1519,Dave Hill,1
263,1967,2152,Dave Stockton,1
264,1967,1576,Don January,1
265,1967,2042,Doug Sanders,1
266,1967,2307,Dudley Wysong,1
267,1967,1069,Frank Beard,3
268,1967,1273,Gardner Dickinson,1
269,1967,1124,Gay Brewer,2
270,1967,1033,George Archer,1
271,1967,1640,George Knudson,1
272,1967,1869,Jack Nicklaus,5
273,1967,1108,Julius Boros,3
274,1967,1438,Lou Graham,1
275,1967,1352,Marty Fleckman,1
276,1967,1057,Miller Barber,1
277,1967,1421,Randy Glover,1
278,1967,5163,Roberto De Vicenzo,1
279,1967,1873,Tom Nieporte,1
280,1968,1910,Arnold Palmer,2
281,1968,1177,Billy Casper,6
282,1968,1189,Bob Charles,1
283,1968,1274,Bob Dickson,1
284,1968,1422,Bob Goalby,1
285,1968,1714,Bob Lunn,2
286,1968,1851,Bob Murphy,2
287,1968,2015,Chi Chi Rodriguez,1
288,1968,6410,Dan Sikes,2
289,1968,2152,Dave Stockton,2
290,1968,1993,Dean Refram,1
291,1968,1576,Don January,1
292,1968,1273,Gardner Dickinson,1
293,1968,1955,Gary Player,1
294,1968,1033,George Archer,2
295,1968,1640,George Knudson,2
296,1968,1869,Jack Nicklaus,2
297,1968,1962,Johnny Pott,1
298,1968,1108,Julius Boros,2
299,1968,2314,Kermit Zarley,1
300,1968,2213,Lee Trevino,2
301,1968,1057,Miller Barber,1
302,1968,5163,Roberto De Vicenzo,1
303,1968,1180,Ron Cerrudo,1
304,1968,1997,Steve Reid,1
305,1968,2268,Tom Weiskopf,2
306,1968,6306,Tony Jacklin,1
307,1969,1910,Arnold Palmer,2
308,1969,2309,Bert Yancey,1
309,1969,1177,Billy Casper,3
310,1969,1422,Bob Goalby,1
311,1969,1714,Bob Lunn,1
312,1969,1233,Bruce Crampton,1
313,1969,1269,Bruce Devlin,1
314,1969,1512,Bunky Henry,1
315,1969,1215,Charles Coody,1
316,1969,2091,Charles Sifford,1
317,1969,1227,Charles Courtney,1
318,1969,1290,Dale Douglass,2
319,1969,1519,Dave Hill,3
320,1969,1076,Deane Beman,1
321,1969,1704,Dick Lotz,1
322,1969,1069,Frank Beard,2
323,1969,1273,Gardner Dickinson,1
324,1969,1955,Gary Player,1
325,1969,1695,Gene Littler,2
326,1969,1033,George Archer,2
327,1969,1869,Jack Nicklaus,3
328,1969,1205,Jim Colbert,1
329,1969,2280,Jim Wiechers,1
330,1969,2150,Ken Still,2
331,1969,1524,Larry Hinson,1
332,1969,2317,Larry Ziegler,1
333,1969,2213,Lee Trevino,1
334,1969,1057,Miller Barber,1
335,1969,9093,Monty Kaser,1
336,1969,1833,Orville Moody,1
337,1969,1355,Raymond Floyd,3
338,1969,2130,Steve Spray,1
339,1969,2083,Tom Shaw,2
340,1969,6306,Tony Jacklin,1
341,1970,1525,Babe Hiskey,1
342,1970,2309,Bert Yancey,1
343,1970,1393,Bill Garrett,1
344,1970,1177,Billy Casper,4
345,1970,1422,Bob Goalby,1
346,1970,1714,Bob Lunn,1
347,1970,1851,Bob Murphy,1
348,1970,1867,Bobby Nichols,1
349,1970,1233,Bruce Crampton,1
350,1970,1269,Bruce Devlin,2
351,1970,2045,Cesar Sanudo,1
352,1970,1290,Dale Douglass,1
353,1970,1519,Dave Hill,1
354,1970,2152,Dave Stockton,1
355,1970,1076,Deane Beman,1
356,1970,1704,Dick Lotz,2
357,1970,1576,Don January,1
358,1970,2042,Doug Sanders,1
359,1970,1069,Frank Beard,2
360,1970,1955,Gary Player,1
361,1970,1640,George Knudson,1
362,1970,1412,Gibby Gilbert,1
363,1970,1511,Harold Henning,1
364,1970,1099,Homero Blancas,1
365,1970,2029,Hugh Royer,1
366,1970,1869,Jack Nicklaus,2
367,1970,2150,Ken Still,1
368,1970,2314,Kermit Zarley,1
369,1970,2213,Lee Trevino,2
370,1970,2032,Mason Rudolph,1
371,1970,1520,Mike Hill,1
372,1970,1057,Miller Barber,1
373,1970,1137,Pete Brown,1
374,1970,1180,Ron Cerrudo,1
375,1970,1001,Tommy Aaron,1
376,1970,6306,Tony Jacklin,1
377,1971,1910,Arnold Palmer,3
378,1971,1177,Billy Casper,1
379,1971,1422,Bob Goalby,1
380,1971,1714,Bob Lunn,1
381,1971,1820,Bobby Mitchell,1
382,1971,1233,Bruce Crampton,1
383,1971,1017,Bud Allin,1
384,1971,1215,Charles Coody,1
385,1971,1310,Dave Eichelberger,1
386,1971,2152,Dave Stockton,1
387,1971,2260,DeWitt Weaver,1
388,1971,1069,Frank Beard,1
389,1971,1273,Gardner Dickinson,1
390,1971,1955,Gary Player,2
391,1971,1695,Gene Littler,2
392,1971,1033,George Archer,2
393,1971,1559,Hale Irwin,1
394,1971,1443,Hubert Green,1
395,1971,2118,J.C. Snead,2
396,1971,1869,Jack Nicklaus,4
397,1971,1502,Jerry Heard,1
398,1971,1815,Johnny Miller,1
399,1971,1486,Labron Harris,1
400,1971,2213,Lee Trevino,6
401,1971,1057,Miller Barber,1
402,1971,2083,Tom Shaw,2
403,1971,2268,Tom Weiskopf,2
404,1972,2309,Bert Yancey,1
405,1972,1714,Bob Lunn,1
406,1972,2022,Bob Rosburg,1
407,1972,2082,Bob Shaw,1
408,1972,1820,Bobby Mitchell,1
409,1972,1269,Bruce Devlin,2
410,1972,2015,Chi Chi Rodriguez,1
411,1972,1519,Dave Hill,1
412,1972,1436,David Graham,1
413,1972,1076,Deane Beman,1
414,1972,2260,DeWitt Weaver,1
415,1972,2042,Doug Sanders,1
416,1972,1955,Gary Player,2
417,1972,1124,Gay Brewer,1
418,1972,1033,George Archer,2
419,1972,1640,George Knudson,1
420,1972,1597,Grier Jones,2
421,1972,1099,Homero Blancas,1
422,1972,2118,J.C. Snead,1
423,1972,1869,Jack Nicklaus,7
424,1972,1502,Jerry Heard,2
425,1972,1205,Jim Colbert,1
426,1972,1573,Jim Jamieson,1
427,1972,1815,Johnny Miller,1
428,1972,2242,Lanny Wadkins,1
429,1972,2213,Lee Trevino,4
430,1972,1438,Lou Graham,1
431,1972,1520,Mike Hill,1
432,1972,1057,Miller Barber,1
433,1972,1483,Paul Harney,1
434,1972,2268,Tom Weiskopf,1
435,1972,6306,Tony Jacklin,1
436,1973,1910,Arnold Palmer,1
437,1973,1235,Ben Crenshaw,1
438,1973,10908,Bert Greene,1
439,1973,1177,Billy Casper,2
440,1973,1274,Bob Dickson,1
441,1973,1867,Bobby Nichols,1
442,1973,1233,Bruce Crampton,4
443,1973,1017,Bud Allin,1
444,1973,2015,Chi Chi Rodriguez,1
445,1973,1519,Dave Hill,1
446,1973,2152,Dave Stockton,1
447,1973,1076,Deane Beman,1
448,1973,2120,Ed Sneed,1
449,1973,1955,Gary Player,1
450,1973,1695,Gene Littler,1
451,1973,1559,Hale Irwin,1
452,1973,1099,Homero Blancas,1
453,1973,1443,Hubert Green,2
454,1973,1869,Jack Nicklaus,7
455,1973,1205,Jim Colbert,1
456,1973,1725,John Mahaffey,1
457,1973,2060,John Schlee,1
458,1973,2064,John Schroeder,1
459,1973,1815,Johnny Miller,1
460,1973,2242,Lanny Wadkins,2
461,1973,2213,Lee Trevino,2
462,1973,1057,Miller Barber,1
463,1973,11421,Rod Funseth,1
464,1973,1007,Sam Adams,1
465,1973,2268,Tom Weiskopf,5
466,1973,1001,Tommy Aaron,1
467,1974,1401,Al Geiberger,1
468,1974,1189,Bob Charles,1
469,1974,1801,Bob Menne,1
470,1974,1867,Bobby Nichols,2
471,1974,1017,Bud Allin,2
472,1974,1519,Dave Hill,1
473,1974,2152,Dave Stockton,3
474,1974,2120,Ed Sneed,1
475,1974,1342,Forrest Fezler,1
476,1974,1955,Gary Player,3
477,1974,1559,Hale Irwin,1
478,1974,1443,Hubert Green,3
479,1974,1869,Jack Nicklaus,2
480,1974,1502,Jerry Heard,1
481,1974,1205,Jim Colbert,1
482,1974,1815,Johnny Miller,8
483,1974,1312,Lee Elder,1
484,1974,2213,Lee Trevino,2
485,1974,2195,Leonard Thompson,1
486,1974,1057,Miller Barber,1
487,1974,1611,Richie Karl,1
488,1974,1242,Rod Curl,1
489,1974,1275,Terry Diehl,1
490,1974,2256,Tom Watson,1
491,1974,1994,Victor Regalado,1
492,1975,1401,Al Geiberger,2
493,1975,2247,Art Wall,1
494,1975,1177,Billy Casper,1
495,1975,1851,Bob Murphy,1
496,1975,1233,Bruce Crampton,1
497,1975,1519,Dave Hill,1
498,1975,1087,Don Bies,1
499,1975,1562,Don Iverson,1
500,1975,1576,Don January,1
501,1975,1450,Gary Groh,1
502,1975,1695,Gene Littler,3
503,1975,1559,Hale Irwin,2
504,1975,1443,Hubert Green,1
505,1975,2118,J.C. Snead,1
506,1975,1869,Jack Nicklaus,5
507,1975,1786,Jerry McGee,1
508,1975,1815,Johnny Miller,4
509,1975,2317,Larry Ziegler,1
510,1975,2213,Lee Trevino,1
511,1975,1438,Lou Graham,1
512,1975,1350,Pat Fitzsimons,1
513,1975,1355,Raymond Floyd,1
514,1975,1753,Rik Massengale,1
515,1975,1736,Roger Maltbie,2
516,1975,1578,Tom Jenkins,1
517,1975,2256,Tom Watson,2
518,1975,2268,Tom Weiskopf,2
519,1976,1401,Al Geiberger,2
520,1976,1235,Ben Crenshaw,3
521,1976,1414,Bob Gilder,1
522,1976,2305,Bob Wynn,1
523,1976,1017,Bud Allin,1
524,1976,1045,Butch Baird,1
525,1976,1519,Dave Hill,1
526,1976,2152,Dave Stockton,1
527,1976,1436,David Graham,2
528,1976,1576,Don January,1
529,1976,1641,Gary Koch,1
530,1976,1033,George Archer,1
531,1976,1412,Gibby Gilbert,1
532,1976,1559,Hale Irwin,2
533,1976,1443,Hubert Green,3
534,1976,2118,J.C. Snead,2
535,1976,1869,Jack Nicklaus,2
536,1976,1925,Jerry Pate,2
537,1976,1556,Joe Inman,1
538,1976,1694,John Lister,1
539,1976,1815,Johnny Miller,3
540,1976,2317,Larry Ziegler,1
541,1976,1312,Lee Elder,1
542,1976,2213,Lee Trevino,1
543,1976,1793,Mac McLendon,1
544,1976,1499,Mark Hayes,2
545,1976,1355,Raymond Floyd,2
546,1976,1753,Rik Massengale,1
547,1976,1736,Roger Maltbie,1
548,1976,1633,Tom Kite,1
549,1977,1401,Al Geiberger,1
550,1977,1068,Andy Bean,1
551,1977,1878,Andy North,1
552,1977,1235,Ben Crenshaw,1
553,1977,1648,Billy Kratzert,1
554,1977,1206,Bobby Cole,1
555,1977,1690,Bruce Lietzke,2
556,1977,1305,Danny Edwards,1
557,1977,1310,Dave Eichelberger,1
558,1977,2120,Ed Sneed,1
559,1977,1641,Gary Koch,1
560,1977,1695,Gene Littler,1
561,1977,1837,Gil Morgan,1
562,1977,1744,Graham Marsh,1
563,1977,1559,Hale Irwin,3
564,1977,1443,Hubert Green,1
565,1977,1869,Jack Nicklaus,3
566,1977,1786,Jerry McGee,1
567,1977,1925,Jerry Pate,2
568,1977,2098,Jim Simons,1
569,1977,2242,Lanny Wadkins,2
570,1977,2213,Lee Trevino,1
571,1977,2195,Leonard Thompson,1
572,1977,1499,Mark Hayes,1
573,1977,1520,Mike Hill,1
574,1977,1838,Mike Morley,1
575,1977,1057,Miller Barber,1
576,1977,1355,Raymond Floyd,2
577,1977,1753,Rik Massengale,1
578,1977,1975,Tom Purtzer,1
579,1977,2256,Tom Watson,5
580,1977,2268,Tom Weiskopf,1
581,1978,1068,Andy Bean,3
582,1978,1878,Andy North,1
583,1978,1571,Barry Jaeckel,1
584,1978,2016,Bill Rogers,1
585,1978,1690,Bruce Lietzke,1
586,1978,1955,Gary Player,3
587,1978,1837,Gil Morgan,2
588,1978,1443,Hubert Green,2
589,1978,1866,Jack Newton,1
590,1978,1869,Jack Nicklaus,4
591,1978,1457,Jay Haas,1
592,1978,1502,Jerry Heard,1
593,1978,1925,Jerry Pate,1
594,1978,2098,Jim Simons,1
595,1978,1725,John Mahaffey,2
596,1978,1312,Lee Elder,2
597,1978,2213,Lee Trevino,1
598,1978,1522,Lon Hinkle,1
599,1978,1793,Mac McLendon,2
600,1978,1057,Miller Barber,1
601,1978,11421,Rod Funseth,1
602,1978,2160,Ron Streck,1
603,1978,1051,Seve Ballesteros,1
604,1978,1633,Tom Kite,1
605,1978,2256,Tom Watson,5
606,1978,2268,Tom Weiskopf,1
607,1978,1994,Victor Regalado,1
608,1979,1401,Al Geiberger,1
609,1979,1068,Andy Bean,1
610,1979,1235,Ben Crenshaw,1
611,1979,1155,Bob Byman,1
612,1979,1690,Bruce Lietzke,1
613,1979,1935,Calvin Peete,1
614,1979,2015,Chi Chi Rodriguez,1
615,1979,2159,Curtis Strange,1
616,1979,2267,D.A. Weibring,1
617,1979,1436,David Graham,1
618,1979,1346,Ed Fiori,1
619,1979,2321,Fuzzy Zoeller,2
620,1979,1837,Gil Morgan,1
621,1979,1559,Hale Irwin,1
622,1979,2225,Howard Twitty,1
623,1979,1443,Hubert Green,2
624,1979,1998,Jack Renner,1
625,1979,1786,Jerry McGee,2
626,1979,1363,John Fought,2
627,1979,1725,John Mahaffey,1
628,1979,2242,Lanny Wadkins,2
629,1979,1864,Larry Nelson,2
630,1979,2213,Lee Trevino,1
631,1979,1522,Lon Hinkle,2
632,1979,1438,Lou Graham,3
633,1979,1783,Mark McCumber,1
634,1979,1355,Raymond Floyd,1
635,1979,1051,Seve Ballesteros,1
636,1979,2256,Tom Watson,5
637,1979,1682,Wayne Levi,1
638,1980,1068,Andy Bean,1
639,1980,1235,Ben Crenshaw,1
640,1980,1648,Billy Kratzert,1
641,1980,1414,Bob Gilder,1
642,1980,1690,Bruce Lietzke,1
643,1980,2133,Craig Stadler,2
644,1980,2159,Curtis Strange,2
645,1980,1469,Dan Halldorson,1
646,1980,1310,Dave Eichelberger,1
647,1980,1436,David Graham,1
648,1980,1960,Don Pooley,1
649,1980,2190,Doug Tewell,2
650,1980,1150,George Burns,1
651,1980,2225,Howard Twitty,1
652,1980,1869,Jack Nicklaus,2
653,1980,1821,Jeff Mitchell,1
654,1980,1205,Jim Colbert,1
655,1980,1725,John Mahaffey,1
656,1980,1815,Johnny Miller,1
657,1980,1864,Larry Nelson,1
658,1980,2213,Lee Trevino,3
659,1980,1949,Mark Pfeil,1
660,1980,2167,Mike Sullivan,1
661,1980,1569,Peter Jacobsen,1
662,1980,1477,Phillip Hancock,1
663,1980,1355,Raymond Floyd,1
664,1980,1527,Scott Hoch,1
665,1980,2099,Scott Simpson,1
666,1980,1051,Seve Ballesteros,1
667,1980,2256,Tom Watson,7
668,1980,1682,Wayne Levi,1
669,1981,1068,Andy Bean,1
670,1981,2016,Bill Rogers,4
671,1981,1690,Bruce Lietzke,3
672,1981,2133,Craig Stadler,1
673,1981,1060,Dave Barr,1
674,1981,1310,Dave Eichelberger,1
675,1981,1436,David Graham,2
676,1981,1346,Ed Fiori,1
677,1981,2321,Fuzzy Zoeller,1
678,1981,1559,Hale Irwin,2
679,1981,1443,Hubert Green,1
680,1981,2118,J.C. Snead,1
681,1981,1998,Jack Renner,1
682,1981,1457,Jay Haas,2
683,1981,1925,Jerry Pate,2
684,1981,1219,John Cook,1
685,1981,1725,John Mahaffey,1
686,1981,1815,Johnny Miller,2
687,1981,1334,Keith Fergus,1
688,1981,1864,Larry Nelson,2
689,1981,2213,Lee Trevino,1
690,1981,1495,Morris Hatalsky,1
691,1981,1897,Peter Oosterhuis,1
692,1981,1355,Raymond Floyd,3
693,1981,2160,Ron Streck,1
694,1981,1633,Tom Kite,1
695,1981,2256,Tom Watson,3
696,1981,2268,Tom Weiskopf,1
697,1982,1068,Andy Bean,1
698,1982,1414,Bob Gilder,3
699,1982,2084,Bob Shearer,1
700,1982,1197,Bobby Clampett,1
701,1982,1690,Bruce Lietzke,1
702,1982,1935,Calvin Peete,4
703,1982,2133,Craig Stadler,4
704,1982,1305,Danny Edwards,1
705,1982,1346,Ed Fiori,1
706,1982,2120,Ed Sneed,1
707,1982,2170,Hal Sutton,1
708,1982,1559,Hale Irwin,1
709,1982,1869,Jack Nicklaus,1
710,1982,1457,Jay Haas,2
711,1982,1925,Jerry Pate,1
712,1982,2098,Jim Simons,1
713,1982,1815,Johnny Miller,1
714,1982,1334,Keith Fergus,1
715,1982,2242,Lanny Wadkins,3
716,1982,2146,Payne Stewart,1
717,1982,1355,Raymond Floyd,3
718,1982,1527,Scott Hoch,1
719,1982,1877,Tim Norris,1
720,1982,1633,Tom Kite,1
721,1982,2256,Tom Watson,4
722,1982,2268,Tom Weiskopf,1
723,1982,1682,Wayne Levi,2
724,1983,1235,Ben Crenshaw,1
725,1983,2016,Bill Rogers,1
726,1983,1414,Bob Gilder,1
727,1983,1935,Calvin Peete,2
728,1983,2159,Curtis Strange,1
729,1983,1305,Danny Edwards,1
730,1983,1436,David Graham,1
731,1983,1226,Fred Couples,1
732,1983,2321,Fuzzy Zoeller,2
733,1983,1468,Gary Hallberg,1
734,1983,1641,Gary Koch,1
735,1983,1837,Gil Morgan,2
736,1983,2170,Hal Sutton,2
737,1983,1559,Hale Irwin,1
738,1983,1030,Isao Aoki,1
739,1983,1205,Jim Colbert,2
740,1983,1219,John Cook,1
741,1983,1815,Johnny Miller,1
742,1983,1334,Keith Fergus,1
743,1983,2242,Lanny Wadkins,2
744,1983,1823,Larry Mize,1
745,1983,1864,Larry Nelson,1
746,1983,1715,Mark Lye,1
747,1983,1783,Mark McCumber,2
748,1983,1871,Mike Nicolette,1
749,1983,1495,Morris Hatalsky,1
750,1983,1968,Nick Price,1
751,1983,1692,Pat Lindsey,1
752,1983,2146,Payne Stewart,1
753,1983,1162,Rex Caldwell,1
754,1983,1093,Ronnie Black,1
755,1983,1051,Seve Ballesteros,2
756,1983,1633,Tom Kite,1
757,1983,2256,Tom Watson,1
758,1983,1682,Wayne Levi,1
759,1984,1068,Andy Bean,1
760,1984,1235,Ben Crenshaw,1
761,1984,1648,Billy Kratzert,1
762,1984,1303,Bob Eastwood,2
763,1984,1690,Bruce Lietzke,1
764,1984,1935,Calvin Peete,1
765,1984,1928,Corey Pavin,1
766,1984,2133,Craig Stadler,1
767,1984,2159,Curtis Strange,1
768,1984,1306,David Edwards,1
769,1984,2255,Denis Watson,3
770,1984,1226,Fred Couples,1
771,1984,2321,Fuzzy Zoeller,1
772,1984,1641,Gary Koch,2
773,1984,1033,George Archer,1
774,1984,1876,Greg Norman,2
775,1984,1559,Hale Irwin,1
776,1984,1443,Hubert Green,1
777,1984,1869,Jack Nicklaus,1
778,1984,1998,Jack Renner,1
779,1984,1725,John Mahaffey,1
780,1984,1864,Larry Nelson,1
781,1984,2213,Lee Trevino,1
782,1984,1887,Mark O''Meara',1
783,1984,1326,Nick Faldo,1
784,1984,1569,Peter Jacobsen,2
785,1984,1093,Ronnie Black,1
786,1984,1527,Scott Hoch,1
787,1984,2099,Scott Simpson,1
788,1984,1051,Seve Ballesteros,1
789,1984,1633,Tom Kite,2
790,1984,1975,Tom Purtzer,1
791,1984,2256,Tom Watson,3
792,1984,1682,Wayne Levi,1
793,1985,1878,Andy North,1
794,1985,1666,Bernhard Langer,2
795,1985,1418,Bill Glasson,1
796,1985,1303,Bob Eastwood,1
797,1985,1935,Calvin Peete,2
798,1985,1928,Corey Pavin,1
799,1985,2159,Curtis Strange,3
800,1985,1361,Dan Forsman,1
801,1985,1305,Danny Edwards,1
802,1985,2321,Fuzzy Zoeller,1
803,1985,1150,George Burns,1
804,1985,2170,Hal Sutton,2
805,1985,1559,Hale Irwin,1
806,1985,1443,Hubert Green,1
807,1985,2201,Jim Thorpe,2
808,1985,2101,Joey Sindelar,2
809,1985,1725,John Mahaffey,1
810,1985,1444,Ken Green,1
811,1985,2242,Lanny Wadkins,3
812,1985,1783,Mark McCumber,1
813,1985,1887,Mark O''Meara',2
814,1985,2279,Mark Wiebe,1
815,1985,1096,Phil Blackmar,1
816,1985,1355,Raymond Floyd,1
817,1985,1736,Roger Maltbie,2
818,1985,1717,Sandy Lyle,1
819,1985,2239,Scott Verplank,1
820,1985,1051,Seve Ballesteros,1
821,1985,2100,Tim Simpson,1
822,1985,1633,Tom Kite,1
823,1985,1682,Wayne Levi,1
824,1985,1095,Woody Blackburn,1
825,1986,1068,Andy Bean,2
826,1986,1235,Ben Crenshaw,2
827,1986,1851,Bob Murphy,1
828,1986,2223,Bob Tway,4
829,1986,1935,Calvin Peete,2
830,1986,1928,Corey Pavin,2
831,1986,2159,Curtis Strange,1
832,1986,1361,Dan Forsman,1
833,1986,1958,Dan Pohl,2
834,1986,1475,Donnie Hammond,1
835,1986,2190,Doug Tewell,1
836,1986,1425,Ernie Gonzalez,1
837,1986,2244,Fred Wadsworth,1
838,1986,2321,Fuzzy Zoeller,3
839,1986,2049,Gene Sauers,1
840,1986,1876,Greg Norman,3
841,1986,2170,Hal Sutton,2
842,1986,1869,Jack Nicklaus,1
843,1986,2201,Jim Thorpe,1
844,1986,1725,John Mahaffey,1
845,1986,1444,Ken Green,1
846,1986,1639,Kenny Knox,1
847,1986,1884,Mac O''Grady',1
848,1986,1161,Mark Calcavecchia,1
849,1986,2279,Mark Wiebe,1
850,1986,1549,Mike Hulbert,1
851,1986,1355,Raymond Floyd,2
852,1986,1331,Rick Fehr,1
853,1986,1717,Sandy Lyle,1
854,1986,1633,Tom Kite,1
855,1987,1235,Ben Crenshaw,1
856,1987,1192,T.C. Chen,1
857,1987,1928,Corey Pavin,2
858,1987,2159,Curtis Strange,3
859,1987,2267,D.A. Weibring,1
860,1987,1060,Dave Barr,1
861,1987,1706,Davis Love III,1
862,1987,1960,Don Pooley,1
863,1987,2190,Doug Tewell,1
864,1987,1226,Fred Couples,1
865,1987,1468,Gary Hallberg,1
866,1987,1150,George Burns,1
867,1987,2118,J.C. Snead,1
868,1987,1457,Jay Haas,1
869,1987,2101,Joey Sindelar,1
870,1987,1219,John Cook,1
871,1987,1557,John Inman,1
872,1987,1815,Johnny Miller,1
873,1987,1200,Keith Clearwater,2
874,1987,1135,Ken Brown,1
875,1987,1639,Kenny Knox,1
876,1987,2242,Lanny Wadkins,1
877,1987,1823,Larry Mize,1
878,1987,1864,Larry Nelson,2
879,1987,1884,Mac O''Grady',1
880,1987,1161,Mark Calcavecchia,1
881,1987,1783,Mark McCumber,1
882,1987,1996,Mike Reid,1
883,1987,1326,Nick Faldo,1
884,1987,1042,Paul Azinger,3
885,1987,2146,Payne Stewart,1
886,1987,2303,Robert Wrenn,1
887,1987,1984,Sam Randolph,1
888,1987,1717,Sandy Lyle,1
889,1987,2099,Scott Simpson,2
890,1987,1926,Steve Pate,1
891,1987,1633,Tom Kite,1
892,1987,2256,Tom Watson,1
893,1988,1723,Andrew Magee,1
894,1988,1235,Ben Crenshaw,1
895,1988,1418,Bill Glasson,2
896,1988,1771,Blaine McCallister,1
897,1988,1701,Bob Lohr,1
898,1988,1690,Bruce Lietzke,1
899,1988,1072,Chip Beck,2
900,1988,1928,Corey Pavin,1
901,1988,2159,Curtis Strange,4
902,1988,1378,David Frost,2
903,1988,1641,Gary Koch,1
904,1988,1876,Greg Norman,1
905,1988,1457,Jay Haas,1
906,1988,2104,Jeff Sluman,1
907,1988,1078,Jim Benepe,1
908,1988,1846,Jodie Mudd,1
909,1988,2101,Joey Sindelar,2
910,1988,1444,Ken Green,2
911,1988,2242,Lanny Wadkins,2
912,1988,1864,Larry Nelson,1
913,1988,1132,Mark Brooks,1
914,1988,1161,Mark Calcavecchia,1
915,1988,1783,Mark McCumber,1
916,1988,1996,Mike Reid,1
917,1988,1495,Morris Hatalsky,1
918,1988,1042,Paul Azinger,1
919,1988,1096,Phil Blackmar,1
920,1988,1717,Sandy Lyle,3
921,1988,2239,Scott Verplank,1
922,1988,1051,Seve Ballesteros,2
923,1988,1599,Steve Jones,1
924,1988,1926,Steve Pate,2
925,1988,1975,Tom Purtzer,1
926,1988,2090,Tom Sieckmann,1
927,1989,1129,Bill Britton,1
928,1989,1418,Bill Glasson,1
929,1989,1771,Blaine McCallister,2
930,1989,2223,Bob Tway,1
931,1989,1156,Curt Byrum,1
932,1989,2159,Curtis Strange,1
933,1989,1378,David Frost,1
934,1989,1475,Donnie Hammond,1
935,1989,2049,Gene Sauers,1
936,1989,1876,Greg Norman,2
937,1989,2224,Greg Twiggs,1
938,1989,1049,Ian Baker-Finch,1
939,1989,1846,Jodie Mudd,1
940,1989,1725,John Mahaffey,1
941,1989,1444,Ken Green,1
942,1989,2195,Leonard Thompson,1
943,1989,1161,Mark Calcavecchia,3
944,1989,1783,Mark McCumber,1
945,1989,1887,Mark O''Meara',1
946,1989,1284,Mike Donald,1
947,1989,1549,Mike Hulbert,1
948,1989,2167,Mike Sullivan,1
949,1989,1326,Nick Faldo,1
950,1989,1042,Paul Azinger,1
951,1989,2146,Payne Stewart,2
952,1989,1527,Scott Hoch,1
953,1989,2099,Scott Simpson,1
954,1989,2230,Stan Utley,1
955,1989,1599,Steve Jones,3
956,1989,2067,Ted Schulz,1
957,1989,2100,Tim Simpson,2
958,1989,1157,Tom Byrum,1
959,1989,1633,Tom Kite,3
960,1989,1435,Wayne Grady,1
961,1990,1235,Ben Crenshaw,1
962,1990,2223,Bob Tway,1
963,1990,1072,Chip Beck,1
964,1990,1361,Dan Forsman,1
965,1990,1378,David Frost,1
966,1990,1560,David Ishii,1
967,1990,1706,Davis Love III,1
968,1990,1226,Fred Couples,1
969,1990,1837,Gil Morgan,1
970,1990,1876,Greg Norman,2
971,1990,1559,Hale Irwin,2
972,1990,1385,Jim Gallagher Jr,1
973,1990,1846,Jodie Mudd,2
974,1990,2101,Joey Sindelar,1
975,1990,1553,John Huston,1
976,1990,6373,José María Olazábal,1
977,1990,1639,Kenny Knox,1
978,1990,2242,Lanny Wadkins,1
979,1990,1887,Mark O''Meara',2
980,1990,1495,Morris Hatalsky,1
981,1990,1326,Nick Faldo,2
982,1990,1510,Nolan Henke,1
983,1990,1042,Paul Azinger,1
984,1990,2146,Payne Stewart,2
985,1990,1569,Peter Jacobsen,1
986,1990,1946,Peter Persons,1
987,1990,1388,Robert Gamez,2
988,1990,1313,Steve Elkington,1
989,1990,2100,Tim Simpson,1
990,1990,1633,Tom Kite,1
991,1990,1035,Tommy Armour III,1
992,1990,2094,Tony Sills,1
993,1990,1435,Wayne Grady,1
994,1990,1682,Wayne Levi,4
995,1991,1723,Andrew Magee,2
996,1991,1024,Billy Andrade,2
997,1991,1133,Billy Ray Brown,1
998,1991,1771,Blaine McCallister,1
999,1991,1329,Brad Faxon,1
1000,1991,1353,Bruce Fleisher,1
1001,1991,1928,Corey Pavin,2
1002,1991,2133,Craig Stadler,1
1003,1991,2267,D.A. Weibring,1
1004,1991,1938,David Peoples,1
1005,1991,1706,Davis Love III,1
1006,1991,1971,Dillard Pruitt,1
1007,1991,1226,Fred Couples,2
1008,1991,1014,Fulton Allem,1
1009,1991,1049,Ian Baker-Finch,1
1010,1991,2300,Ian Woosnam,2
1011,1991,1098,Jay Don Blake,1
1012,1991,1249,John Daly,1
1013,1991,6373,José María Olazábal,1
1014,1991,1945,Kenny Perry,1
1015,1991,2242,Lanny Wadkins,1
1016,1991,1132,Mark Brooks,2
1017,1991,1887,Mark O''Meara',1
1018,1991,1549,Mike Hulbert,1
1019,1991,1968,Nick Price,2
1020,1991,1510,Nolan Henke,1
1021,1991,1042,Paul Azinger,1
1022,1991,2146,Payne Stewart,1
1023,1991,1810,Phil Mickelson,1
1024,1991,1797,Rocco Mediate,1
1025,1991,1203,Russ Cochran,1
1026,1991,1313,Steve Elkington,1
1027,1991,1926,Steve Pate,1
1028,1991,2067,Ted Schulz,1
1029,1991,1633,Tom Kite,1
1030,1991,1975,Tom Purtzer,2
1031,1992,1235,Ben Crenshaw,1
1032,1992,1418,Bill Glasson,1
1033,1992,1133,Billy Ray Brown,1
1034,1992,1329,Brad Faxon,2
1035,1992,1690,Bruce Lietzke,1
1036,1992,1072,Chip Beck,1
1037,1992,1928,Corey Pavin,1
1038,1992,2133,Craig Stadler,1
1039,1992,1361,Dan Forsman,1
1040,1992,1306,David Edwards,1
1041,1992,1378,David Frost,2
1042,1992,1938,David Peoples,1
1043,1992,1706,Davis Love III,3
1044,1992,1226,Fred Couples,3
1045,1992,1381,Fred Funk,1
1046,1992,1468,Gary Hallberg,1
1047,1992,1876,Greg Norman,1
1048,1992,1457,Jay Haas,1
1049,1992,1219,John Cook,3
1050,1992,1249,John Daly,1
1051,1992,1553,John Huston,1
1052,1992,2242,Lanny Wadkins,1
1053,1992,1577,Lee Janzen,1
1054,1992,1161,Mark Calcavecchia,1
1055,1992,7569,Mark Carnevale,1
1056,1992,1887,Mark O''Meara',1
1057,1992,1326,Nick Faldo,1
1058,1992,1968,Nick Price,2
1059,1992,1042,Paul Azinger,1
1060,1992,1355,Raymond Floyd,1
1061,1992,2322,Richard Zokol,1
1062,1992,1313,Steve Elkington,1
1063,1992,1926,Steve Pate,1
1064,1992,1633,Tom Kite,2
1065,1993,1235,Ben Crenshaw,1
1066,1993,1666,Bernhard Langer,1
1067,1993,1766,Billy Mayfair,1
1068,1993,1771,Blaine McCallister,1
1069,1993,1890,Brett Ogle,1
1070,1993,1306,David Edwards,1
1071,1993,1378,David Frost,2
1072,1993,1706,Davis Love III,2
1073,1993,1226,Fred Couples,1
1074,1993,1014,Fulton Allem,2
1075,1993,2245,Grant Waite,1
1076,1993,1876,Greg Norman,2
1077,1993,2225,Howard Twitty,1
1078,1993,1457,Jay Haas,1
1079,1993,1724,Jeff Maggert,1
1080,1993,1385,Jim Gallagher Jr,2
1081,1993,6090,Jim McGovern,1
1082,1993,1557,John Inman,1
1083,1993,1823,Larry Mize,2
1084,1993,1577,Lee Janzen,2
1085,1993,2135,Mike Standly,1
1086,1993,1968,Nick Price,4
1087,1993,1510,Nolan Henke,1
1088,1993,1042,Paul Azinger,3
1089,1993,1810,Phil Mickelson,2
1090,1993,1797,Rocco Mediate,1
1091,1993,2099,Scott Simpson,1
1092,1993,1633,Tom Kite,2
1093,1993,6567,Vijay Singh,1
1094,1994,1723,Andrew Magee,1
1095,1994,1235,Ben Crenshaw,1
1096,1994,1418,Bill Glasson,1
1097,1994,1320,Bob Estes,1
1098,1994,1890,Brett Ogle,1
1099,1994,6617,Brian Henninger,1
1100,1994,1690,Bruce Lietzke,1
1101,1994,1928,Corey Pavin,1
1102,1994,2133,Craig Stadler,1
1103,1994,1378,David Frost,1
1104,1994,10213,Dicky Pride,1
1105,1994,6522,Ernie Els,1
1106,1994,1226,Fred Couples,1
1107,1994,1876,Greg Norman,1
1108,1994,1559,Hale Irwin,1
1109,1994,1249,John Daly,1
1110,1994,1553,John Huston,1
1111,1994,1815,Johnny Miller,1
1112,1994,6373,José María Olazábal,2
1113,1994,1945,Kenny Perry,1
1114,1994,1577,Lee Janzen,1
1115,1994,2010,Loren Roberts,1
1116,1994,1132,Mark Brooks,1
1117,1994,1783,Mark McCumber,3
1118,1994,8337,Mike Heinen,1
1119,1994,2131,Mike Springer,2
1120,1994,2167,Mike Sullivan,1
1121,1994,6332,Neal Lancaster,1
1122,1994,1968,Nick Price,6
1123,1994,1810,Phil Mickelson,1
1124,1994,1331,Rick Fehr,1
1125,1994,1527,Scott Hoch,1
1126,1994,1313,Steve Elkington,1
1127,1994,1707,Steve Lowery,1
1128,1994,1677,Tom Lehman,1
1129,1995,1235,Ben Crenshaw,1
1130,1995,1766,Billy Mayfair,2
1131,1995,2223,Bob Tway,1
1132,1995,1143,Brad Bryant,1
1133,1995,1928,Corey Pavin,2
1134,1995,2267,D.A. Weibring,1
1135,1995,1706,Davis Love III,1
1136,1995,2246,Duffy Waldorf,1
1137,1995,1288,Ed Dougherty,1
1138,1995,6522,Ernie Els,1
1139,1995,1381,Fred Funk,2
1140,1995,1876,Greg Norman,3
1141,1995,2170,Hal Sutton,1
1142,1995,10809,Jim Furyk,1
1143,1995,1385,Jim Gallagher Jr,2
1144,1995,1249,John Daly,1
1145,1995,7235,John Morse,1
1146,1995,1945,Kenny Perry,1
1147,1995,1577,Lee Janzen,3
1148,1995,2010,Loren Roberts,1
1149,1995,1161,Mark Calcavecchia,1
1150,1995,1887,Mark O''Meara',2
1151,1995,1326,Nick Faldo,1
1152,1995,2146,Payne Stewart,1
1153,1995,1569,Peter Jacobsen,2
1154,1995,1810,Phil Mickelson,1
1155,1995,1527,Scott Hoch,1
1156,1995,1313,Steve Elkington,2
1157,1995,2218,Ted Tryba,1
1158,1995,1677,Tom Lehman,1
1159,1995,6567,Vijay Singh,2
1160,1995,7867,Woody Austin,1
1161,1996,2023,Clarence Rose,1
1162,1996,1928,Corey Pavin,1
1163,1996,2133,Craig Stadler,1
1164,1996,2267,D.A. Weibring,1
1165,1996,1891,David Ogrin,1
1166,1996,1706,Davis Love III,1
1167,1996,6575,Dudley Hart,1
1168,1996,1346,Ed Fiori,1
1169,1996,6522,Ernie Els,1
1170,1996,1226,Fred Couples,1
1171,1996,1381,Fred Funk,1
1172,1996,1876,Greg Norman,1
1173,1996,6214,Guy Boros,1
1174,1996,10809,Jim Furyk,1
1175,1996,1219,John Cook,2
1176,1996,10860,Justin Leonard,1
1177,1996,2010,Loren Roberts,2
1178,1996,1132,Mark Brooks,3
1179,1996,1887,Mark O''Meara',2
1180,1996,1116,Michael Bradley,1
1181,1996,1326,Nick Faldo,1
1182,1996,6643,Paul Goydos,1
1183,1996,8375,Paul Stankowski,1
1184,1996,1810,Phil Mickelson,4
1185,1996,1527,Scott Hoch,1
1186,1996,10585,Scott McCarron,1
1187,1996,1599,Steve Jones,1
1188,1996,6527,Steve Stricker,2
1189,1996,8793,Tiger Woods,2
1190,1996,12782,Tim Herron,1
1191,1996,1677,Tom Lehman,2
1192,1996,2256,Tom Watson,1
1193,1996,2294,Willie Wood,1
1194,1997,1418,Bill Glasson,1
1195,1997,1133,Billy Ray Brown,1
1196,1997,1329,Brad Faxon,1
1197,1997,9011,David Duval,3
1198,1997,1378,David Frost,1
1199,1997,2206,David Toms,1
1200,1997,1706,Davis Love III,2
1201,1997,6522,Ernie Els,2
1202,1997,10457,Frank Nobilo,1
1203,1997,21007,Gabriel Hjertstedt,1
1204,1997,1876,Greg Norman,2
1205,1997,2104,Jeff Sluman,1
1206,1997,1219,John Cook,1
1207,1997,10860,Justin Leonard,2
1208,1997,2010,Loren Roberts,1
1209,1997,1161,Mark Calcavecchia,1
1210,1997,1887,Mark O''Meara',2
1211,1997,1326,Nick Faldo,1
1212,1997,1968,Nick Price,1
1213,1997,8375,Paul Stankowski,1
1214,1997,1096,Phil Blackmar,1
1215,1997,1810,Phil Mickelson,2
1216,1997,1527,Scott Hoch,1
1217,1997,10585,Scott McCarron,1
1218,1997,1313,Steve Elkington,2
1219,1997,1599,Steve Jones,2
1220,1997,20229,Stewart Cink,1
1221,1997,20098,Stuart Appleby,1
1222,1997,8793,Tiger Woods,4
1223,1997,12782,Tim Herron,1
1224,1997,6567,Vijay Singh,2
1225,1998,1024,Billy Andrade,1
1226,1998,1766,Billy Mayfair,2
1227,1998,1185,Brandel Chamblee,1
1228,1998,1943,Chris Perry,1
1229,1998,9011,David Duval,4
1230,1998,1706,Davis Love III,1
1231,1998,6522,Ernie Els,1
1232,1998,1226,Fred Couples,2
1233,1998,1381,Fred Funk,1
1234,1998,2170,Hal Sutton,2
1235,1998,8537,J.P. Hayes,1
1236,1998,2104,Jeff Sluman,1
1237,1998,12660,Jesper Parnevik,1
1238,1998,10809,Jim Furyk,1
1239,1998,6621,Joe Durant,1
1240,1998,1219,John Cook,1
1241,1998,1553,John Huston,2
1242,1998,10860,Justin Leonard,1
1243,1998,1577,Lee Janzen,1
1244,1998,20396,Lee Westwood,1
1245,1998,1161,Mark Calcavecchia,1
1246,1998,1887,Mark O''Meara',2
1247,1998,1116,Michael Bradley,1
1248,1998,1968,Nick Price,1
1249,1998,1139,Olin Browne,1
1250,1998,1810,Phil Mickelson,2
1251,1998,2099,Scott Simpson,1
1252,1998,1313,Steve Elkington,1
1253,1998,1599,Steve Jones,1
1254,1998,1926,Steve Pate,1
1255,1998,20098,Stuart Appleby,1
1256,1998,8793,Tiger Woods,1
1257,1998,2256,Tom Watson,1
1258,1998,1282,Trevor Dodds,1
1259,1998,6567,Vijay Singh,2
1260,1999,1329,Brad Faxon,1
1261,1999,12645,Brent Geiberger,1
1262,1999,6617,Brian Henninger,1
1263,1999,12823,Carlos Franco,2
1264,1999,9011,David Duval,4
1265,1999,2206,David Toms,2
1266,1999,2246,Duffy Waldorf,2
1267,1999,6522,Ernie Els,1
1268,1999,21007,Gabriel Hjertstedt,1
1269,1999,8931,Glen Day,1
1270,1999,2170,Hal Sutton,1
1271,1999,1685,J.L. Lewis,1
1272,1999,1724,Jeff Maggert,1
1273,1999,2104,Jeff Sluman,1
1274,1999,12660,Jesper Parnevik,1
1275,1999,10809,Jim Furyk,1
1276,1999,6373,José María Olazábal,1
1277,1999,2010,Loren Roberts,1
1278,1999,10423,Mike Weir,1
1279,1999,20029,Notah Begay III,2
1280,1999,1139,Olin Browne,1
1281,1999,19904,Paul Lawrie,1
1282,1999,2146,Payne Stewart,2
1283,1999,23614,Rich Beem,1
1284,1999,1797,Rocco Mediate,1
1285,1999,1313,Steve Elkington,1
1286,1999,20098,Stuart Appleby,1
1287,1999,2218,Ted Tryba,1
1288,1999,8793,Tiger Woods,8
1289,1999,12782,Tim Herron,1
1290,1999,1941,Tom Pernice Jr.,1
1291,1999,6567,Vijay Singh,1
1292,2000,1024,Billy Andrade,1
1293,2000,1329,Brad Faxon,1
1294,2000,12823,Carlos Franco,1
1295,2000,6251,Chris DiMarco,1
1296,2000,19825,Darren Clarke,1
1297,2000,9011,David Duval,1
1298,2000,2206,David Toms,1
1299,2000,1927,Dennis Paulson,1
1300,2000,6575,Dudley Hart,1
1301,2000,2246,Duffy Waldorf,1
1302,2000,6522,Ernie Els,1
1303,2000,2170,Hal Sutton,2
1304,2000,12660,Jesper Parnevik,2
1305,2000,1175,Jim Carter,1
1306,2000,10809,Jim Furyk,1
1307,2000,1553,John Huston,1
1308,2000,10860,Justin Leonard,1
1309,2000,2214,Kirk Triplett,1
1310,2000,2010,Loren Roberts,1
1311,2000,12388,Michael Clark II,1
1312,2000,10423,Mike Weir,1
1313,2000,20029,Notah Begay III,2
1314,2000,1042,Paul Azinger,1
1315,2000,1810,Phil Mickelson,4
1316,2000,10885,Robert Allenby,2
1317,2000,1797,Rocco Mediate,1
1318,2000,23621,Rory Sabbatini,1
1319,2000,2239,Scott Verplank,1
1320,2000,1707,Steve Lowery,1
1321,2000,20229,Stewart Cink,1
1322,2000,8793,Tiger Woods,9
1323,2000,1677,Tom Lehman,1
1324,2000,10649,Tom Scherrer,1
1325,2000,6567,Vijay Singh,1
1326,2001,1320,Bob Estes,2
1327,2001,1329,Brad Faxon,1
1328,2001,12652,Cameron Beckman,1
1329,2001,6251,Chris DiMarco,1
1330,2001,9011,David Duval,1
1331,2001,23338,David Gossett,1
1332,2001,2206,David Toms,3
1333,2001,1706,Davis Love III,1
1334,2001,11032,Frank Lickliter II,1
1335,2001,20436,Garrett Willis,1
1336,2001,2170,Hal Sutton,1
1337,2001,2104,Jeff Sluman,1
1338,2001,12660,Jesper Parnevik,1
1339,2001,10809,Jim Furyk,1
1340,2001,6621,Joe Durant,2
1341,2001,1307,Joel Edwards,1
1342,2001,1219,John Cook,1
1343,2001,19972,José Coceres,2
1344,2001,10860,Justin Leonard,1
1345,2001,1945,Kenny Perry,1
1346,2001,1161,Mark Calcavecchia,1
1347,2001,10423,Mike Weir,1
1348,2001,1810,Phil Mickelson,2
1349,2001,20157,Retief Goosen,1
1350,2001,10885,Robert Allenby,2
1351,2001,19881,Robert Damron,1
1352,2001,1527,Scott Hoch,2
1353,2001,10585,Scott McCarron,1
1354,2001,2239,Scott Verplank,1
1355,2001,21209,Sergio Garcia,2
1356,2001,12680,Shigeki Maruyama,1
1357,2001,6527,Steve Stricker,1
1358,2001,8793,Tiger Woods,5
1359,2001,1941,Tom Pernice Jr.,1
1360,2002,6809,Bob Burns,1
1361,2002,1320,Bob Estes,1
1362,2002,21961,Charles Howell III,1
1363,2002,6251,Chris DiMarco,1
1364,2002,20127,Chris Riley,1
1365,2002,2106,Chris Smith,1
1366,2002,1920,Craig Parry,1
1367,2002,10912,Craig Perks,1
1368,2002,1361,Dan Forsman,1
1369,2002,6522,Ernie Els,2
1370,2002,2049,Gene Sauers,1
1371,2002,10565,Ian Leggatt,1
1372,2002,8537,J.P. Hayes,1
1373,2002,2104,Jeff Sluman,1
1374,2002,8075,Jerry Kelly,2
1375,2002,10809,Jim Furyk,1
1376,2002,22913,John Rollins,1
1377,2002,24925,Jonathan Byrd,1
1378,2002,6373,José María Olazábal,1
1379,2002,10860,Justin Leonard,1
1380,2002,24357,K.J. Choi,2
1381,2002,6595,Kevin Sutherland,1
1382,2002,1761,Len Mattiace,2
1383,2002,2010,Loren Roberts,1
1384,2002,23983,Luke Donald,1
1385,2002,10201,Matt Gogel,1
1386,2002,23108,Matt Kuchar,1
1387,2002,1968,Nick Price,1
1388,2002,1810,Phil Mickelson,2
1389,2002,12663,Phil Tataurangi,1
1390,2002,20157,Retief Goosen,1
1391,2002,23614,Rich Beem,2
1392,2002,1797,Rocco Mediate,1
1393,2002,21209,Sergio Garcia,1
1394,2002,12680,Shigeki Maruyama,1
1395,2002,8339,Spike McRoy,1
1396,2002,8793,Tiger Woods,5
1397,2002,6567,Vijay Singh,2
1398,2003,24502,Adam Scott,1
1399,2003,23541,Ben Crane,1
1400,2003,22621,Ben Curtis,1
1401,2003,2223,Bob Tway,1
1402,2003,12510,Chad Campbell,1
1403,2003,2133,Craig Stadler,1
1404,2003,19825,Darren Clarke,1
1405,2003,2206,David Toms,2
1406,2003,1706,Davis Love III,4
1407,2003,6522,Ernie Els,2
1408,2003,11032,Frank Lickliter II,1
1409,2003,1226,Fred Couples,1
1410,2003,1685,J.L. Lewis,1
1411,2003,10809,Jim Furyk,2
1412,2003,1553,John Huston,1
1413,2003,20094,Jonathan Kaye,1
1414,2003,10860,Justin Leonard,1
1415,2003,1945,Kenny Perry,3
1416,2003,2214,Kirk Triplett,1
1417,2003,10423,Mike Weir,3
1418,2003,1569,Peter Jacobsen,1
1419,2003,20157,Retief Goosen,1
1420,2003,23621,Rory Sabbatini,1
1421,2003,1527,Scott Hoch,1
1422,2003,6515,Shaun Micheel,1
1423,2003,12680,Shigeki Maruyama,1
1424,2003,7457,Steve Flesch,1
1425,2003,20098,Stuart Appleby,1
1426,2003,8793,Tiger Woods,5
1427,2003,1035,Tommy Armour III,1
1428,2003,6567,Vijay Singh,4
1429,2004,24502,Adam Scott,2
1430,2004,20580,Andre Stolz,1
1431,2004,1142,Bart Bryant,1
1432,2004,12645,Brent Geiberger,1
1433,2004,12823,Carlos Franco,1
1434,2004,12510,Chad Campbell,1
1435,2004,1920,Craig Parry,1
1436,2004,2206,David Toms,1
1437,2004,6522,Ernie Els,3
1438,2004,1381,Fred Funk,1
1439,2004,22293,Heath Slocum,1
1440,2004,2101,Joey Sindelar,1
1441,2004,1249,John Daly,1
1442,2004,24925,Jonathan Byrd,1
1443,2004,20094,Jonathan Kaye,1
1444,2004,20433,Mark Hensby,1
1445,2004,10423,Mike Weir,1
1446,2004,1810,Phil Mickelson,2
1447,2004,20157,Retief Goosen,2
1448,2004,20572,Rod Pampling,1
1449,2004,23320,Ryan Palmer,1
1450,2004,21209,Sergio Garcia,2
1451,2004,6004,Stephen Ames,1
1452,2004,7457,Steve Flesch,1
1453,2004,20229,Stewart Cink,2
1454,2004,20098,Stuart Appleby,1
1455,2004,8793,Tiger Woods,1
1456,2004,1473,Todd Hamilton,2
1457,2004,23325,Vaughn Taylor,1
1458,2004,6567,Vijay Singh,9
1459,2004,7867,Woody Austin,1
1460,2004,24024,Zach Johnson,1
1461,2005,1142,Bart Bryant,2
1462,2005,23541,Ben Crane,1
1463,2005,1329,Brad Faxon,1
1464,2005,25345,Carl Pettersson,1
1465,2005,2206,David Toms,1
1466,2005,1381,Fred Funk,1
1467,2005,22046,Geoff Ogilvy,1
1468,2005,22293,Heath Slocum,1
1469,2005,24507,Jason Bohn,1
1470,2005,22892,Jason Gore,1
1471,2005,10809,Jim Furyk,1
1472,2005,10860,Justin Leonard,2
1473,2005,24357,K.J. Choi,1
1474,2005,1945,Kenny Perry,2
1475,2005,25900,Lucas Glover,1
1476,2005,1161,Mark Calcavecchia,1
1477,2005,20400,Michael Campbell,1
1478,2005,1139,Olin Browne,1
1479,2005,20766,Padraig Harrington,2
1480,2005,20634,Peter Lonard,1
1481,2005,1810,Phil Mickelson,4
1482,2005,20157,Retief Goosen,1
1483,2005,1388,Robert Gamez,1
1484,2005,24140,Sean O''Hair',1
1485,2005,21209,Sergio Garcia,1
1486,2005,20098,Stuart Appleby,1
1487,2005,21959,Ted Purdy,1
1488,2005,8793,Tiger Woods,6
1489,2005,1948,Tim Petrovic,1
1490,2005,23325,Vaughn Taylor,1
1491,2005,6567,Vijay Singh,4
1492,2005,7013,Wes Short Jr,1
1493,2006,22371,Aaron Baddeley,1
1494,2006,24502,Adam Scott,1
1495,2006,20628,Arron Oberholser,1
1496,2006,22621,Ben Curtis,2
1497,2006,23322,Brett Wetterich,1
1498,2006,25345,Carl Pettersson,1
1499,2006,12510,Chad Campbell,1
1500,2006,11123,Chris Couch,1
1501,2006,1928,Corey Pavin,1
1502,2006,23788,D.J. Trahan,1
1503,2006,2206,David Toms,1
1504,2006,1706,Davis Love III,1
1505,2006,12602,Dean Wilson,1
1506,2006,23048,Eric Axley,1
1507,2006,22046,Geoff Ogilvy,2
1508,2006,27141,J.B. Holmes,1
1509,2006,23353,J.J. Henry,1
1510,2006,1724,Jeff Maggert,1
1511,2006,10809,Jim Furyk,2
1512,2006,6621,Joe Durant,1
1513,2006,22913,John Rollins,1
1514,2006,20645,John Senden,1
1515,2006,24357,K.J. Choi,1
1516,2006,2214,Kirk Triplett,1
1517,2006,23983,Luke Donald,1
1518,2006,1810,Phil Mickelson,2
1519,2006,20572,Rod Pampling,1
1520,2006,23621,Rory Sabbatini,1
1521,2006,6004,Stephen Ames,1
1522,2006,20098,Stuart Appleby,2
1523,2006,8793,Tiger Woods,8
1524,2006,12782,Tim Herron,1
1525,2006,22378,Trevor Immelman,1
1526,2006,27120,Troy Matteson,1
1527,2006,6567,Vijay Singh,1
1528,2006,24912,Will MacKenzie,1
1529,2007,22371,Aaron Baddeley,1
1530,2007,24502,Adam Scott,1
1531,2007,20848,Ángel Cabrera,1
1532,2007,26289,Boo Weekley,1
1533,2007,27649,Brandt Snedeker,1
1534,2007,7223,Brian Bateman,1
1535,2007,12510,Chad Campbell,1
1536,2007,21961,Charles Howell III,1
1537,2007,12716,Charley Hoffman,1
1538,2007,20850,Daniel Chopra,1
1539,2007,1381,Fred Funk,1
1540,2007,24490,George McNeill,1
1541,2007,21528,Henrik Stenson,1
1542,2007,24781,Hunter Mahan,1
1543,2007,10809,Jim Furyk,1
1544,2007,21949,Joe Ogilvie,1
1545,2007,24925,Jonathan Byrd,1
1546,2007,10860,Justin Leonard,1
1547,2007,24357,K.J. Choi,2
1548,2007,1161,Mark Calcavecchia,1
1549,2007,21878,Mark Wilson,1
1550,2007,10423,Mike Weir,1
1551,2007,27095,Nick Watney,1
1552,2007,20766,Padraig Harrington,1
1553,2007,6643,Paul Goydos,1
1554,2007,1810,Phil Mickelson,3
1555,2007,23621,Rory Sabbatini,1
1556,2007,2239,Scott Verplank,1
1557,2007,6004,Stephen Ames,1
1558,2007,7457,Steve Flesch,2
1559,2007,6527,Steve Stricker,1
1560,2007,8793,Tiger Woods,7
1561,2007,6567,Vijay Singh,2
1562,2007,7867,Woody Austin,1
1563,2007,24024,Zach Johnson,2
1564,2008,24502,Adam Scott,1
1565,2008,25562,Andres Romero,1
1566,2008,29718,Anthony Kim,2
1567,2008,26289,Boo Weekley,1
1568,2008,19846,Brian Gay,1
1569,2008,12652,Cameron Beckman,1
1570,2008,27770,Camilo Villegas,2
1571,2008,25345,Carl Pettersson,1
1572,2008,26476,Chez Reavie,1
1573,2008,23788,D.J. Trahan,1
1574,2008,20850,Daniel Chopra,1
1575,2008,1706,Davis Love III,1
1576,2008,30925,Dustin Johnson,1
1577,2008,6522,Ernie Els,1
1578,2008,22046,Geoff Ogilvy,1
1579,2008,6012,Greg Kraft,1
1580,2008,27141,J.B. Holmes,1
1581,2008,26951,Johnson Wagner,1
1582,2008,10860,Justin Leonard,1
1583,2008,24357,K.J. Choi,1
1584,2008,1945,Kenny Perry,3
1585,2008,26668,Marc Turnesa,1
1586,2008,20766,Padraig Harrington,2
1587,2008,24449,Parker McLachlin,1
1588,2008,1810,Phil Mickelson,2
1589,2008,26420,Richard Johnson,1
1590,2008,23320,Ryan Palmer,1
1591,2008,21350,Ryuji Imada,1
1592,2008,24140,Sean O''Hair',1
1593,2008,21209,Sergio Garcia,1
1594,2008,1707,Steve Lowery,1
1595,2008,20229,Stewart Cink,1
1596,2008,8793,Tiger Woods,4
1597,2008,22378,Trevor Immelman,1
1598,2008,6567,Vijay Singh,3
1599,2008,24912,Will MacKenzie,1
1600,2008,24024,Zach Johnson,1
1601,2009,20848,Ángel Cabrera,1
1602,2009,23623,Bo Van Pelt,1
1603,2009,19846,Brian Gay,2
1604,2009,30925,Dustin Johnson,1
1605,2009,22046,Geoff Ogilvy,2
1606,2009,22293,Heath Slocum,1
1607,2009,21528,Henrik Stenson,1
1608,2009,8075,Jerry Kelly,1
1609,2009,22913,John Rollins,1
1610,2009,1945,Kenny Perry,2
1611,2009,25900,Lucas Glover,1
1612,2009,21878,Mark Wilson,1
1613,2009,27936,Martin Laird,1
1614,2009,23108,Matt Kuchar,1
1615,2009,1116,Michael Bradley,1
1616,2009,23718,Nathan Green,1
1617,2009,27095,Nick Watney,1
1618,2009,24361,Pat Perez,1
1619,2009,25364,Paul Casey,1
1620,2009,1810,Phil Mickelson,3
1621,2009,20157,Retief Goosen,1
1622,2009,23621,Rory Sabbatini,1
1623,2009,26596,Ryan Moore,1
1624,2009,24140,Sean O''Hair',1
1625,2009,6004,Stephen Ames,1
1626,2009,6527,Steve Stricker,3
1627,2009,20229,Stewart Cink,1
1628,2009,8793,Tiger Woods,6
1629,2009,27120,Troy Matteson,1
1630,2009,24663,Y.E. Yang,2
1631,2009,24024,Zach Johnson,2
1632,2010,24502,Adam Scott,1
1633,2010,29718,Anthony Kim,1
1634,2010,21407,Arjun Atwal,1
1635,2010,23541,Ben Crane,1
1636,2010,24924,Bill Haas,2
1637,2010,23548,Bill Lunde,1
1638,2010,25804,Bubba Watson,1
1639,2010,12652,Cameron Beckman,1
1640,2010,27770,Camilo Villegas,1
1641,2010,25345,Carl Pettersson,1
1642,2010,12716,Charley Hoffman,1
1643,2010,27797,Derek Lamely,1
1644,2010,30925,Dustin Johnson,2
1645,2010,6522,Ernie Els,2
1646,2010,22046,Geoff Ogilvy,1
1647,2010,25572,Graeme McDowell,1
1648,2010,22293,Heath Slocum,1
1649,2010,24781,Hunter Mahan,2
1650,2010,24138,Ian Poulter,1
1651,2010,24507,Jason Bohn,1
1652,2010,28089,Jason Day,1
1653,2010,10809,Jim Furyk,3
1654,2010,24925,Jonathan Byrd,1
1655,2010,22405,Justin Rose,2
1656,2010,20396,Lee Westwood,1
1657,2010,26329,Louis Oosthuizen,1
1658,2010,27408,Martin Kaymer,1
1659,2010,20070,Matt Bettencourt,1
1660,2010,23108,Matt Kuchar,1
1661,2010,1810,Phil Mickelson,1
1662,2010,24358,Robert Garrigus,1
1663,2010,1797,Rocco Mediate,1
1664,2010,28237,Rory McIlroy,1
1665,2010,23320,Ryan Palmer,1
1666,2010,6527,Steve Stricker,2
1667,2010,20098,Stuart Appleby,1
1668,2010,23135,Tim Clark,1
1669,2010,24024,Zach Johnson,1
1670,2011,22371,Aaron Baddeley,1
1671,2011,24502,Adam Scott,1
1672,2011,23541,Ben Crane,1
1673,2011,24924,Bill Haas,1
1674,2011,27649,Brandt Snedeker,1
1675,2011,29518,Brendan Steele,1
1676,2011,23800,Bryce Molder,1
1677,2011,25804,Bubba Watson,2
1678,2011,26331,Charl Schwartzel,1
1679,2011,30926,Chris Kirk,1
1680,2011,25240,D.A. Points,1
1681,2011,19825,Darren Clarke,1
1682,2011,2206,David Toms,1
1683,2011,30925,Dustin Johnson,1
1684,2011,21731,Freddie Jacobson,1
1685,2011,31323,Gary Woodland,1
1686,2011,21805,Harrison Frazar,1
1687,2011,27064,Jhonattan Vegas,1
1688,2011,26951,Johnson Wagner,1
1689,2011,24925,Jonathan Byrd,1
1690,2011,22405,Justin Rose,1
1691,2011,24357,K.J. Choi,1
1692,2011,33141,Keegan Bradley,2
1693,2011,25396,Kevin Na,1
1694,2011,25900,Lucas Glover,1
1695,2011,23983,Luke Donald,2
1696,2011,21878,Mark Wilson,2
1697,2011,27936,Martin Laird,1
1698,2011,1116,Michael Bradley,1
1699,2011,27095,Nick Watney,2
1700,2011,1810,Phil Mickelson,1
1701,2011,28237,Rory McIlroy,1
1702,2011,23621,Rory Sabbatini,1
1703,2011,25818,Scott Piercy,1
1704,2011,30692,Scott Stallings,1
1705,2011,24140,Sean O''Hair',1
1706,2011,6527,Steve Stricker,2
1707,2011,29221,Webb Simpson,2
1708,2012,22621,Ben Curtis,1
1709,2012,24924,Bill Haas,1
1710,2012,27649,Brandt Snedeker,2
1711,2012,25804,Bubba Watson,1
1712,2012,25345,Carl Pettersson,1
1713,2012,32334,Charlie Beljan,1
1714,2012,30925,Dustin Johnson,1
1715,2012,6522,Ernie Els,1
1716,2012,24490,George McNeill,1
1717,2012,24781,Hunter Mahan,2
1718,2012,23353,J.J. Henry,1
1719,2012,25686,Jason Dufner,2
1720,2012,34174,John Huh,1
1721,2012,26951,Johnson Wagner,1
1722,2012,27895,Jonas Blixt,1
1723,2012,22405,Justin Rose,1
1724,2012,33141,Keegan Bradley,1
1725,2012,30110,Kyle Stanley,1
1726,2012,23983,Luke Donald,1
1727,2012,26851,Marc Leishman,1
1728,2012,21878,Mark Wilson,1
1729,2012,23108,Matt Kuchar,1
1730,2012,27095,Nick Watney,1
1731,2012,1810,Phil Mickelson,1
1732,2012,32102,Rickie Fowler,1
1733,2012,28237,Rory McIlroy,4
1734,2012,26596,Ryan Moore,1
1735,2012,25818,Scott Piercy,1
1736,2012,30692,Scott Stallings,1
1737,2012,21209,Sergio Garcia,1
1738,2012,6527,Steve Stricker,1
1739,2012,27556,Ted Potter Jr,1
1740,2012,8793,Tiger Woods,3
1741,2012,30750,Tommy Gainey,1
1742,2012,29221,Webb Simpson,1
1743,2012,24024,Zach Johnson,2
1744,2013,24502,Adam Scott,2
1745,2013,28259,Sangmoon Bae,1
1746,2013,24924,Bill Haas,1
1747,2013,29420,Billy Horschel,1
1748,2013,26289,Boo Weekley,1
1749,2013,27649,Brandt Snedeker,2
1750,2013,19846,Brian Gay,1
1751,2013,25240,D.A. Points,1
1752,2013,37273,Derek Ernst,1
1753,2013,30925,Dustin Johnson,1
1754,2013,31323,Gary Woodland,1
1755,2013,25572,Graeme McDowell,1
1756,2013,34099,Harris English,1
1757,2013,21528,Henrik Stenson,2
1758,2013,25686,Jason Dufner,1
1759,2013,27933,John Merrick,1
1760,2013,27895,Jonas Blixt,1
1761,2013,34046,Jordan Spieth,1
1762,2013,22405,Justin Rose,1
1763,2013,20104,Ken Duke,1
1764,2013,27214,Kevin Streelman,1
1765,2013,27936,Martin Laird,1
1766,2013,23108,Matt Kuchar,2
1767,2013,32150,Michael Thompson,1
1768,2013,34360,Patrick Reed,1
1769,2013,1810,Phil Mickelson,2
1770,2013,34098,Russell Henley,1
1771,2013,29479,Scott Brown,1
1772,2013,8793,Tiger Woods,5
1773,2013,7867,Woody Austin,1
1774,2013,24024,Zach Johnson,1
1775,2014,24502,Adam Scott,1
1776,2014,20848,Ángel Cabrera,1
1777,2014,23541,Ben Crane,1
1778,2014,29420,Billy Horschel,2
1779,2014,30927,Brendon Todd,1
1780,2014,27644,Brian Harman,1
1781,2014,25804,Bubba Watson,2
1782,2014,27770,Camilo Villegas,1
1783,2014,34563,Chesson Hadley,1
1784,2014,30926,Chris Kirk,2
1785,2014,30925,Dustin Johnson,1
1786,2014,22046,Geoff Ogilvy,1
1787,2014,34099,Harris English,1
1788,2014,32839,Hideki Matsuyama,1
1789,2014,24781,Hunter Mahan,1
1790,2014,27141,J.B. Holmes,1
1791,2014,28089,Jason Day,1
1792,2014,25632,Jimmy Walker,3
1793,2014,20645,John Senden,1
1794,2014,22405,Justin Rose,1
1795,2014,26679,Kevin Stadler,1
1796,2014,27214,Kevin Streelman,1
1797,2014,27408,Martin Kaymer,2
1798,2014,28307,Matt Every,1
1799,2014,26300,Matt Jones,1
1800,2014,23108,Matt Kuchar,1
1801,2014,29289,S.Y. Noh,1
1802,2014,34360,Patrick Reed,2
1803,2014,28237,Rory McIlroy,3
1804,2014,34098,Russell Henley,1
1805,2014,26596,Ryan Moore,1
1806,2014,30692,Scott Stallings,1
1807,2014,25274,Steven Bowditch,1
1808,2014,23135,Tim Clark,1
1809,2014,29221,Webb Simpson,1
1810,2014,24024,Zach Johnson,1
1811,2015,20472,Alex Cejka,1
1812,2015,28259,Sangmoon Bae,1
1813,2015,33413,Ben Martin,1
1814,2015,24924,Bill Haas,1
1815,2015,27649,Brandt Snedeker,1
1816,2015,36689,Brooks Koepka,1
1817,2015,25804,Bubba Watson,2
1818,2015,12716,Charley Hoffman,1
1819,2015,30926,Chris Kirk,1
1820,2015,29926,Danny Lee,1
1821,2015,34409,David Lingmerth,1
1822,2015,1706,Davis Love III,1
1823,2015,30925,Dustin Johnson,1
1824,2015,28679,Fabián Gómez,1
1825,2015,27141,J.B. Holmes,1
1826,2015,23353,J.J. Henry,1
1827,2015,32448,James Hahn,1
1828,2015,28089,Jason Day,5
1829,2015,10809,Jim Furyk,1
1830,2015,25632,Jimmy Walker,2
1831,2015,34046,Jordan Spieth,5
1832,2015,22405,Justin Rose,1
1833,2015,28307,Matt Every,1
1834,2015,25493,Nick Taylor,1
1835,2015,20766,Padraig Harrington,1
1836,2015,34360,Patrick Reed,1
1837,2015,32102,Rickie Fowler,2
1838,2015,34431,Robert Streb,1
1839,2015,28237,Rory McIlroy,2
1840,2015,26596,Ryan Moore,1
1841,2015,25818,Scott Piercy,1
1842,2015,33204,Shane Lowry,1
1843,2015,25274,Steven Bowditch,1
1844,2015,32640,Troy Merritt,1
1845,2015,24024,Zach Johnson,1
1846,2016,22371,Aaron Baddeley,1
1847,2016,24502,Adam Scott,2
1848,2016,29222,Billy Hurley III,1
1849,2016,29974,Branden Grace,1
1850,2016,27649,Brandt Snedeker,1
1851,2016,31560,Brian Stuard,1
1852,2016,25804,Bubba Watson,1
1853,2016,26331,Charl Schwartzel,1
1854,2016,12716,Charley Hoffman,1
1855,2016,40026,Daniel Berger,1
1856,2016,32139,Danny Willett,1
1857,2016,30925,Dustin Johnson,3
1858,2016,31646,Emiliano Grillo,1
1859,2016,28679,Fabián Gómez,1
1860,2016,25572,Graeme McDowell,1
1861,2016,20593,Greg Chalmers,1
1862,2016,21528,Henrik Stenson,1
1863,2016,32839,Hideki Matsuyama,1
1864,2016,32448,James Hahn,1
1865,2016,28089,Jason Day,3
1866,2016,25686,Jason Dufner,1
1867,2016,27064,Jhonattan Vegas,1
1868,2016,31557,Jim Herman,1
1869,2016,25632,Jimmy Walker,1
1870,2016,34046,Jordan Spieth,2
1871,2016,33448,Justin Thomas,1
1872,2016,29478,Kevin Kisner,1
1873,2016,37455,Si Woo Kim,1
1874,2016,34360,Patrick Reed,1
1875,2016,34466,Peter Malnati,1
1876,2016,28237,Rory McIlroy,2
1877,2016,33122,Russell Knox,2
1878,2016,26596,Ryan Moore,1
1879,2016,21209,Sergio Garcia,1
1880,2016,46440,Smylie Kaufman,1
1881,2016,29725,Tony Finau,1
1882,2016,23325,Vaughn Taylor,1
1883,2016,31202,William McGirt,1
1884,2017,33399,Adam Hadwin,1
1885,2017,29420,Billy Horschel,1
1886,2017,29518,Brendan Steele,1
1887,2017,27644,Brian Harman,1
1888,2017,36689,Brooks Koepka,1
1889,2017,47959,Bryson DeChambeau,1
1890,2017,27963,Chris Stroud,1
1891,2017,39954,Cody Gribble,1
1892,2017,25240,D.A. Points,1
1893,2017,40026,Daniel Berger,1
1894,2017,30925,Dustin Johnson,4
1895,2017,34213,Grayson Murray,1
1896,2017,21528,Henrik Stenson,1
1897,2017,32839,Hideki Matsuyama,3
1898,2017,34264,Hudson Swafford,1
1899,2017,25686,Jason Dufner,1
1900,2017,27064,Jhonattan Vegas,1
1901,2017,46970,Jon Rahm,1
1902,2017,34046,Jordan Spieth,3
1903,2017,33448,Justin Thomas,5
1904,2017,32366,Kevin Chappell,1
1905,2017,29478,Kevin Kisner,1
1906,2017,37455,Si Woo Kim,1
1907,2017,30110,Kyle Stanley,1
1908,2017,35506,Mackenzie Hughes,1
1909,2017,26851,Marc Leishman,2
1910,2017,24361,Pat Perez,1
1911,2017,32102,Rickie Fowler,1
1912,2017,20572,Rod Pampling,1
1913,2017,34098,Russell Henley,1
1914,2017,21209,Sergio Garcia,1
1915,2017,48084,Wesley Bryan,1
1916,2017,48081,Xander Schauffele,2
1917,2018,49964,Aaron Wise,1
1918,2018,33410,Andrew Landry,1
1919,2018,34256,Andrew Putnam,1
1920,2018,46435,Austin Cook,1
1921,2018,27649,Brandt Snedeker,1
1922,2018,29518,Brendan Steele,1
1923,2018,29535,Brice Garnett,1
1924,2018,36689,Brooks Koepka,2
1925,2018,47959,Bryson DeChambeau,3
1926,2018,25804,Bubba Watson,3
1927,2018,30925,Dustin Johnson,3
1928,2018,25198,Francesco Molinari,2
1929,2018,31323,Gary Woodland,1
1930,2018,24138,Ian Poulter,1
1931,2018,28089,Jason Day,2
1932,2018,46970,Jon Rahm,1
1933,2018,22405,Justin Rose,2
1934,2018,33448,Justin Thomas,3
1935,2018,33141,Keegan Bradley,1
1936,2018,25396,Kevin Na,1
1937,2018,39975,Michael Kim,1
1938,2018,24361,Pat Perez,1
1939,2018,35450,Patrick Cantlay,1
1940,2018,34360,Patrick Reed,1
1941,2018,32757,Patton Kizzire,2
1942,2018,25364,Paul Casey,1
1943,2018,1810,Phil Mickelson,1
1944,2018,28237,Rory McIlroy,1
1945,2018,19803,Ryan Armour,1
1946,2018,32816,Satoshi Kodaira,1
1947,2018,27556,Ted Potter Jr,1
1948,2018,8793,Tiger Woods,1
1949,2018,32640,Troy Merritt,1
1950,2018,29221,Webb Simpson,1
1951,2019,35449,Adam Long,1
1952,2019,36689,Brooks Koepka,3
1953,2019,47959,Bryson DeChambeau,1
1954,2019,52372,Cameron Champ,1
1955,2019,21961,Charles Howell III,1
1956,2019,26476,Chez Reavie,1
1957,2019,50525,Collin Morikawa,1
1958,2019,39997,Corey Conners,1
1959,2019,30925,Dustin Johnson,1
1960,2019,29970,Dylan Frittelli,1
1961,2019,25198,Francesco Molinari,1
1962,2019,31323,Gary Woodland,1
1963,2019,25572,Graeme McDowell,1
1964,2019,27141,J.B. Holmes,1
1965,2019,49771,J.T. Poston,1
1966,2019,31557,Jim Herman,1
1967,2019,22405,Justin Rose,1
1968,2019,33448,Justin Thomas,1
1969,2019,27974,Sung Kang,1
1970,2019,39546,Keith Mitchell,1
1971,2019,29478,Kevin Kisner,1
1972,2019,25396,Kevin Na,1
1973,2019,32333,Kevin Tway,1
1974,2019,26851,Marc Leishman,1
1975,2019,35617,Martin Trainer,1
1976,2019,23108,Matt Kuchar,2
1977,2019,56278,Matthew Wolff,1
1978,2019,39977,Max Homa,1
1979,2019,28775,Nate Lashley,1
1980,2019,29908,C.T. Pan,1
1981,2019,35450,Patrick Cantlay,1
1982,2019,34360,Patrick Reed,1
1983,2019,25364,Paul Casey,1
1984,2019,1810,Phil Mickelson,1
1985,2019,32102,Rickie Fowler,1
1986,2019,28237,Rory McIlroy,3
1987,2019,33204,Shane Lowry,1
1988,2019,8793,Tiger Woods,1
1989,2019,48081,Xander Schauffele,2
1990,2020,24502,Adam Scott,1
1991,2020,33410,Andrew Landry,1
1992,2020,30927,Brendon Todd,2
1993,2020,47959,Bryson DeChambeau,1
1994,2020,52372,Cameron Champ,1
1995,2020,35891,Cameron Smith,1
1996,2020,50525,Collin Morikawa,2
1997,2020,40026,Daniel Berger,1
1998,2020,30925,Dustin Johnson,3
1999,2020,39971,Sungjae Im,1
2000,2020,31557,Jim Herman,1
2001,2020,45486,Joaquin Niemann,1
2002,2020,46970,Jon Rahm,2
2003,2020,33448,Justin Thomas,3
2004,2020,25396,Kevin Na,1
2005,2020,35310,Lanto Griffin,1
2006,2020,26851,Marc Leishman,1
2007,2020,32150,Michael Thompson,1
2008,2020,25493,Nick Taylor,1
2009,2020,34360,Patrick Reed,1
2010,2020,47128,Richy Werenski,1
2011,2020,28237,Rory McIlroy,1
2012,2020,48822,Sebastián Muñoz,1
2013,2020,8793,Tiger Woods,1
2014,2020,45609,Tyler Duncan,1
2015,2020,34363,Tyrrell Hatton,1
2016,2020,46717,Viktor Hovland,1
2017,2020,29221,Webb Simpson,2
2018,2021,45526,Abraham Ancer,1
2019,2021,29420,Billy Horschel,1
2020,2021,29974,Branden Grace,1
2021,2021,19846,Brian Gay,1
2022,2021,36689,Brooks Koepka,1
2023,2021,47959,Bryson DeChambeau,2
2024,2021,52372,Cameron Champ,1
2025,2021,45157,Cam Davis,1
2026,2021,33667,Carlos Ortiz,1
2027,2021,50525,Collin Morikawa,2
2028,2021,40026,Daniel Berger,1
2029,2021,30925,Dustin Johnson,1
2030,2021,40006,Erik van Rooyen,1
2031,2021,54421,Garrick Higgo,1
2032,2021,34099,Harris English,2
2033,2021,32839,Hideki Matsuyama,1
2034,2021,34264,Hudson Swafford,1
2035,2021,30944,Jason Kokrak,2
2036,2021,34076,Joel Dahmen,1
2037,2021,46970,Jon Rahm,1
2038,2021,34046,Jordan Spieth,1
2039,2021,33448,Justin Thomas,1
2040,2021,29478,Kevin Kisner,1
2041,2021,25396,Kevin Na,1
2042,2021,37455,Si Woo Kim,1
2043,2021,32791,K.H. Lee,1
2044,2021,25900,Lucas Glover,1
2045,2021,27936,Martin Laird,1
2046,2021,26300,Matt Jones,1
2047,2021,39977,Max Homa,1
2048,2021,35450,Patrick Cantlay,4
2049,2021,34360,Patrick Reed,1
2050,2021,1810,Phil Mickelson,1
2051,2021,34431,Robert Streb,1
2052,2021,28237,Rory McIlroy,1
2053,2021,47504,Sam Burns,1
2054,2021,28252,Seamus Power,1
2055,2021,21209,Sergio Garcia,1
2056,2021,20229,Stewart Cink,2
2057,2021,29725,Tony Finau,1
2058,2021,46717,Viktor Hovland,1
2059,2022,29420,Billy Horschel,1
2060,2022,35891,Cameron Smith,3
2061,2022,47983,Chad Ramey,1
2062,2022,26476,Chez Reavie,1
2063,2022,32839,Hideki Matsuyama,2
2064,2022,34264,Hudson Swafford,1
2065,2022,39971,Sungjae Im,1
2066,2022,39324,J.J. Spaun,1
2067,2022,49771,J.T. Poston,1
2068,2022,30944,Jason Kokrak,1
2069,2022,45486,Joaquin Niemann,1
2070,2022,46970,Jon Rahm,1
2071,2022,34046,Jordan Spieth,1
2072,2022,33448,Justin Thomas,1
2073,2022,55182,Tom Kim,1
2074,2022,32791,K.H. Lee,1
2075,2022,39058,Lucas Herbert,1
2076,2022,27129,Luke List,1
2077,2022,40098,Matt Fitzpatrick,1
2078,2022,39977,Max Homa,2
2079,2022,35450,Patrick Cantlay,1
2080,2022,28237,Rory McIlroy,3
2081,2022,28420,Ryan Brehm,1
2082,2022,47504,Sam Burns,3
2083,2022,46046,Scottie Scheffler,4
2084,2022,49960,Sepp Straka,1
2085,2022,46402,Talor Gooch,1
2086,2022,35532,Tom Hoge,1
2087,2022,29725,Tony Finau,2
2088,2022,46601,Trey Mullinax,1
2089,2022,46717,Viktor Hovland,1
2090,2022,47483,Will Zalatoris,1
2091,2022,48081,Xander Schauffele,2
