win_id,cal_year,player_id,winner,wins,team_wins
1,1958,1910,Arnold Palmer,3,NULL
2,1958,2247,Art Wall,2,NULL
3,1958,1591,Bill Johnston,1,NULL
4,1958,1177,Billy Casper,3,NULL
5,1958,1763,Billy Maxwell,1,NULL
6,1958,1422,Bob Goalby,1,NULL
7,1958,1811,Cary Middlecoff,1,NULL
8,1958,1359,Doug Ford,1,NULL
9,1958,2042,Doug Sanders,1,NULL
10,1958,1345,Dow Finsterwald,2,NULL
11,1958,10,Dutch Harrison,1,NULL
12,1958,9,Ed Oliver,1,NULL
13,1958,5627,Ernie Vossler,1,NULL
14,1958,11,Frank Stranahan,1,NULL
15,1958,1955,Gary Player,1,NULL
16,1958,1067,George Bayer,2,NULL
17,1958,1588,Howie Johnson,1,NULL
18,1958,13668,Jack Burke Jr,1,NULL
19,1958,1504,Jay Hebert,1,NULL
20,1958,1337,Jim Ferree,1,NULL
21,1958,1,John McMullin,1,NULL
22,1958,1108,Julius Boros,2,NULL
23,1958,2236,Ken Venturi,4,NULL
24,1958,1505,Lionel Hebert,1,NULL
25,1958,2125,Mike Souchak,1,NULL
26,1958,2,Pete Cooper,1,NULL
27,1958,2199,Peter Thomson,1,NULL
28,1958,2119,Sam Snead,1,NULL
29,1958,1679,Stan Leonard,1,NULL
30,1958,1104,Tommy Bolt,2,NULL
31,1958,1570,Tommy Jacobs,1,NULL
32,1958,3,Wes Ellis,1,NULL
33,1959,1910,Arnold Palmer,3,NULL
34,1959,2247,Art Wall,4,NULL
35,1959,1528,Ben Hogan,1,NULL
36,1959,1209,Bill Collins,1,NULL
37,1959,1177,Billy Casper,4,NULL
38,1959,2022,Bob Rosburg,1,NULL
39,1959,1811,Cary Middlecoff,1,NULL
40,1959,1982,Dave Ragan,1,NULL
41,1959,5643,Don Whitt,2,NULL
42,1959,1359,Doug Ford,1,NULL
43,1959,2042,Doug Sanders,1,NULL
44,1959,1345,Dow Finsterwald,3,NULL
45,1959,5428,Eric Monti,1,NULL
46,1959,5627,Ernie Vossler,1,NULL
47,1959,1955,Gary Player,1,NULL
48,1959,1695,Gene Littler,5,NULL
49,1959,1588,Howie Johnson,1,NULL
50,1959,13668,Jack Burke Jr,1,NULL
51,1959,1504,Jay Hebert,1,NULL
52,1959,1108,Julius Boros,1,NULL
53,1959,2236,Ken Venturi,2,NULL
54,1959,1383,Marty Furgol,2,NULL
55,1959,2032,Mason Rudolph,1,NULL
56,1959,2125,Mike Souchak,3,NULL
57,1959,1483,Paul Harney,1,NULL
58,1959,1873,Tom Nieporte,1,NULL
59,1959,3,Wes Ellis,1,NULL
60,1960,1910,Arnold Palmer,8,NULL
61,1960,2247,Art Wall,1,NULL
62,1960,1209,Bill Collins,2,NULL
63,1960,1591,Bill Johnston,1,NULL
64,1960,1177,Billy Casper,3,NULL
65,1960,1422,Bob Goalby,1,NULL
66,1960,1325,Don Fairfield,1,NULL
67,1960,1576,Don January,1,NULL
68,1960,1359,Doug Ford,1,NULL
69,1960,1345,Dow Finsterwald,2,NULL
70,1960,5627,Ernie Vossler,1,NULL
71,1960,1695,Gene Littler,2,NULL
72,1960,1067,George Bayer,1,NULL
73,1960,1351,Jack Fleck,1,NULL
74,1960,1504,Jay Hebert,1,NULL
75,1960,1055,Jerry Barber,2,NULL
76,1960,1962,Johnny Pott,2,NULL
77,1960,1108,Julius Boros,1,NULL
78,1960,5454,Kel Nagle,1,NULL
79,1960,2236,Ken Venturi,2,NULL
80,1960,1505,Lionel Hebert,1,NULL
81,1960,2125,Mike Souchak,2,NULL
82,1960,2119,Sam Snead,2,NULL
83,1960,1679,Stan Leonard,1,NULL
84,1960,1873,Tom Nieporte,1,NULL
85,1960,1104,Tommy Bolt,1,NULL
86,1961,1910,Arnold Palmer,6,NULL
87,1961,1177,Billy Casper,1,NULL
88,1961,1763,Billy Maxwell,2,NULL
89,1961,1422,Bob Goalby,2,NULL
90,1961,1772,Bob McCallister,1,NULL
91,1961,2022,Bob Rosburg,1,NULL
92,1961,1233,Bruce Crampton,1,NULL
93,1961,1045,Butch Baird,1,NULL
94,1961,1811,Cary Middlecoff,1,NULL
95,1961,1519,Dave Hill,2,NULL
96,1961,1743,Dave Marr,1,NULL
97,1961,1576,Don January,1,NULL
98,1961,1359,Doug Ford,1,NULL
99,1961,2042,Doug Sanders,5,NULL
100,1961,4,Earl Stewart,1,NULL
101,1961,5428,Eric Monti,1,NULL
102,1961,1955,Gary Player,3,NULL
103,1961,1124,Gay Brewer,3,NULL
104,1961,1695,Gene Littler,1,NULL
105,1961,1640,George Knudson,1,NULL
106,1961,13668,Jack Burke Jr,1,NULL
107,1961,1351,Jack Fleck,1,NULL
108,1961,1240,Jacky Cupit,1,NULL
109,1961,1504,Jay Hebert,2,NULL
110,1961,1055,Jerry Barber,2,NULL
111,1961,14780,Jim Ferrier,1,NULL
112,1961,5096,Joe Campbell,1,NULL
113,1961,2125,Mike Souchak,1,NULL
114,1961,2119,Sam Snead,1,NULL
115,1961,1104,Tommy Bolt,1,NULL
116,1962,1401,Al Geiberger,1,NULL
117,1962,1590,Al Johnston,1,NULL
118,1962,1910,Arnold Palmer,8,NULL
119,1962,1209,Bill Collins,1,NULL
120,1962,1177,Billy Casper,4,NULL
121,1962,1763,Billy Maxwell,1,NULL
122,1962,5,Bo Wininger,2,NULL
123,1962,1422,Bob Goalby,2,NULL
124,1962,1867,Bobby Nichols,2,NULL
125,1962,1233,Bruce Crampton,1,NULL
126,1962,1743,Dave Marr,1,NULL
127,1962,1982,Dave Ragan,2,NULL
128,1962,1359,Doug Ford,2,NULL
129,1962,2042,Doug Sanders,3,NULL
130,1962,1273,Gardner Dickinson,1,NULL
131,1962,1955,Gary Player,1,NULL
132,1962,1695,Gene Littler,2,NULL
133,1962,1869,Jack Nicklaus,3,NULL
134,1962,1240,Jacky Cupit,1,NULL
135,1962,5096,Joe Campbell,1,NULL
136,1962,5023,John Barnum,1,NULL
137,1962,1962,Johnny Pott,1,NULL
138,1962,1505,Lionel Hebert,1,NULL
139,1962,2014,Phil Rodgers,2,NULL
140,1962,1653,Ted Kroll,1,NULL
141,1962,1570,Tommy Jacobs,1,NULL
142,1962,6,Tony Lema,3,NULL
143,1963,1401,Al Geiberger,1,NULL
144,1963,1910,Arnold Palmer,7,NULL
145,1963,1177,Billy Casper,2,NULL
146,1963,5,Bo Wininger,1,NULL
147,1963,1189,Bob Charles,2,NULL
148,1963,1867,Bobby Nichols,1,NULL
149,1963,2015,Chi Chi Rodriguez,1,NULL
150,1963,6410,Dan Sikes,1,NULL
151,1963,1519,Dave Hill,1,NULL
152,1963,1325,Don Fairfield,1,NULL
153,1963,1576,Don January,1,NULL
154,1963,1359,Doug Ford,1,NULL
155,1963,2042,Doug Sanders,1,NULL
156,1963,1345,Dow Finsterwald,1,NULL
157,1963,1069,Frank Beard,1,NULL
158,1963,1955,Gary Player,1,NULL
159,1963,1124,Gay Brewer,1,NULL
160,1963,1640,George Knudson,1,NULL
161,1963,13668,Jack Burke Jr,1,NULL
162,1963,1869,Jack Nicklaus,5,NULL
163,1963,5539,Jack Rule,1,NULL
164,1963,1055,Jerry Barber,1,NULL
165,1963,1962,Johnny Pott,1,NULL
166,1963,1108,Julius Boros,3,NULL
167,1963,2032,Mason Rudolph,1,NULL
168,1963,2014,Phil Rodgers,1,NULL
169,1963,1355,Raymond Floyd,1,NULL
170,1963,5027,Rex Baxter,1,NULL
171,1963,1570,Tommy Jacobs,1,NULL
172,1963,6,Tony Lema,1,NULL
173,1964,1084,Al Besselink,1,NULL
174,1964,1910,Arnold Palmer,2,NULL
175,1964,2247,Art Wall,1,NULL
176,1964,1177,Billy Casper,4,NULL
177,1964,1772,Bob McCallister,1,NULL
178,1964,1867,Bobby Nichols,2,NULL
179,1964,1233,Bruce Crampton,1,NULL
180,1964,1269,Bruce Devlin,1,NULL
181,1964,1215,Charles Coody,1,NULL
182,1964,2015,Chi Chi Rodriguez,2,NULL
183,1964,1227,Charles Courtney,1,NULL
184,1964,1955,Gary Player,2,NULL
185,1964,1640,George Knudson,1,NULL
186,1964,7,Jack McGowan,1,NULL
187,1964,1869,Jack Nicklaus,4,NULL
188,1964,1240,Jacky Cupit,1,NULL
189,1964,1108,Julius Boros,1,NULL
190,1964,5454,Kel Nagle,1,NULL
191,1964,2236,Ken Venturi,3,NULL
192,1964,2032,Mason Rudolph,1,NULL
193,1964,2125,Mike Souchak,2,NULL
194,1964,1057,Miller Barber,1,NULL
195,1964,1483,Paul Harney,1,NULL
196,1964,1137,Pete Brown,1,NULL
197,1964,2093,R.H. Sikes,1,NULL
198,1964,1570,Tommy Jacobs,1,NULL
199,1964,6,Tony Lema,5,NULL
200,1965,1401,Al Geiberger,1,NULL
201,1965,1910,Arnold Palmer,1,NULL
202,1965,1525,Babe Hiskey,1,NULL
203,1965,2259,Bert Weaver,1,NULL
204,1965,1177,Billy Casper,4,NULL
205,1965,1189,Bob Charles,1,NULL
206,1965,1867,Bobby Nichols,1,NULL
207,1965,8001,Bob Verwey,1,NULL
208,1965,1233,Bruce Crampton,3,NULL
209,1965,6410,Dan Sikes,1,NULL
210,1965,1743,Dave Marr,1,NULL
211,1965,5271,Dick Hart,1,NULL
212,1965,1765,Dick Mayer,1,NULL
213,1965,2042,Doug Sanders,2,NULL
214,1965,1069,Frank Beard,1,NULL
215,1965,1955,Gary Player,1,NULL
216,1965,1124,Gay Brewer,2,NULL
217,1965,1695,Gene Littler,1,NULL
218,1965,1033,George Archer,1,NULL
219,1965,1869,Jack Nicklaus,5,NULL
220,1965,5539,Jack Rule,1,NULL
221,1965,1483,Paul Harney,1,NULL
222,1965,2199,Peter Thomson,1,NULL
223,1965,1355,Raymond Floyd,1,NULL
224,1965,11421,Rod Funseth,1,NULL
225,1965,2119,Sam Snead,1,NULL
226,1965,6,Tony Lema,2,NULL
227,1965,3,Wes Ellis,1,NULL
228,1966,1401,Al Geiberger,1,NULL
229,1966,1910,Arnold Palmer,3,NULL
230,1966,2247,Art Wall,1,NULL
231,1966,2309,Bert Yancey,3,NULL
232,1966,1177,Billy Casper,4,NULL
233,1966,1867,Bobby Nichols,1,NULL
234,1966,1269,Bruce Devlin,2,NULL
235,1966,1576,Don January,1,NULL
236,1966,1752,Don Massengale,2,NULL
237,1966,2042,Doug Sanders,3,NULL
238,1966,2307,Dudley Wysong,1,NULL
239,1966,1069,Frank Beard,1,NULL
240,1966,1124,Gay Brewer,1,NULL
241,1966,1511,Harold Henning,1,NULL
242,1966,1099,Homero Blancas,1,NULL
243,1966,1869,Jack Nicklaus,3,NULL
244,1966,1240,Jacky Cupit,1,NULL
245,1966,5096,Joe Campbell,1,NULL
246,1966,2236,Ken Venturi,1,NULL
247,1966,1505,Lionel Hebert,1,NULL
248,1966,2032,Mason Rudolph,1,NULL
249,1966,2014,Phil Rodgers,2,NULL
250,1966,2093,R.H. Sikes,1,NULL
251,1966,5163,Roberto De Vicenzo,1,NULL
252,1966,8,Ted Makalena,1,NULL
253,1966,6,Tony Lema,1,NULL
254,1967,1910,Arnold Palmer,4,NULL
255,1967,2309,Bert Yancey,1,NULL
256,1967,1177,Billy Casper,2,NULL
257,1967,1189,Bob Charles,1,NULL
258,1967,1422,Bob Goalby,1,NULL
259,1967,2091,Charles Sifford,1,NULL
260,1967,2015,Chi Chi Rodriguez,1,NULL
261,1967,6410,Dan Sikes,2,NULL
262,1967,1519,Dave Hill,1,NULL
263,1967,2152,Dave Stockton,1,NULL
264,1967,1576,Don January,1,NULL
265,1967,2042,Doug Sanders,1,NULL
266,1967,2307,Dudley Wysong,1,NULL
267,1967,1069,Frank Beard,3,NULL
268,1967,1273,Gardner Dickinson,1,NULL
269,1967,1124,Gay Brewer,2,NULL
270,1967,1033,George Archer,1,NULL
271,1967,1640,George Knudson,1,NULL
272,1967,1869,Jack Nicklaus,5,NULL
273,1967,1108,Julius Boros,3,NULL
274,1967,1438,Lou Graham,1,NULL
275,1967,1352,Marty Fleckman,1,NULL
276,1967,1057,Miller Barber,1,NULL
277,1967,1421,Randy Glover,1,NULL
278,1967,5163,Roberto De Vicenzo,1,NULL
279,1967,1873,Tom Nieporte,1,NULL
280,1968,1910,Arnold Palmer,2,NULL
281,1968,1177,Billy Casper,6,NULL
282,1968,1189,Bob Charles,1,NULL
283,1968,1274,Bob Dickson,1,NULL
284,1968,1422,Bob Goalby,1,NULL
285,1968,1714,Bob Lunn,2,NULL
286,1968,1851,Bob Murphy,2,NULL
287,1968,1867,Bobby Nichols,0,1
288,1968,2015,Chi Chi Rodriguez,1,NULL
289,1968,6410,Dan Sikes,2,NULL
290,1968,2152,Dave Stockton,2,NULL
291,1968,1993,Dean Refram,1,NULL
292,1968,1576,Don January,1,NULL
293,1968,1273,Gardner Dickinson,1,NULL
294,1968,1955,Gary Player,1,NULL
295,1968,1033,George Archer,2,1
296,1968,1640,George Knudson,2,NULL
297,1968,1869,Jack Nicklaus,2,NULL
298,1968,1962,Johnny Pott,1,NULL
299,1968,1108,Julius Boros,2,NULL
300,1968,2314,Kermit Zarley,1,NULL
301,1968,2213,Lee Trevino,2,NULL
302,1968,1057,Miller Barber,1,NULL
303,1968,5163,Roberto De Vicenzo,1,NULL
304,1968,1180,Ron Cerrudo,1,NULL
305,1968,1997,Steve Reid,1,NULL
306,1968,2268,Tom Weiskopf,2,NULL
307,1968,6306,Tony Jacklin,1,NULL
308,1969,1910,Arnold Palmer,2,NULL
309,1969,2309,Bert Yancey,1,NULL
310,1969,1177,Billy Casper,3,NULL
311,1969,1422,Bob Goalby,1,NULL
312,1969,1714,Bob Lunn,1,NULL
313,1969,1233,Bruce Crampton,1,NULL
314,1969,1269,Bruce Devlin,1,NULL
315,1969,1512,Bunky Henry,1,NULL
316,1969,1215,Charles Coody,1,NULL
317,1969,2091,Charles Sifford,1,NULL
318,1969,1227,Charles Courtney,1,NULL
319,1969,1290,Dale Douglass,2,NULL
320,1969,1519,Dave Hill,3,NULL
321,1969,1076,Deane Beman,1,NULL
322,1969,1704,Dick Lotz,1,NULL
323,1969,1069,Frank Beard,2,NULL
324,1969,1273,Gardner Dickinson,1,NULL
325,1969,1955,Gary Player,1,NULL
326,1969,1695,Gene Littler,2,NULL
327,1969,1033,George Archer,2,NULL
328,1969,1869,Jack Nicklaus,3,NULL
329,1969,1205,Jim Colbert,1,NULL
330,1969,2280,Jim Wiechers,1,NULL
331,1969,2150,Ken Still,2,NULL
332,1969,1524,Larry Hinson,1,NULL
333,1969,2317,Larry Ziegler,1,NULL
334,1969,2213,Lee Trevino,1,NULL
335,1969,1057,Miller Barber,1,NULL
336,1969,9093,Monty Kaser,1,NULL
337,1969,1833,Orville Moody,1,NULL
338,1969,1355,Raymond Floyd,3,NULL
339,1969,2130,Steve Spray,1,NULL
340,1969,2083,Tom Shaw,2,NULL
341,1969,6306,Tony Jacklin,1,NULL
342,1970,1910,Arnold Palmer,0,1
343,1970,1525,Babe Hiskey,1,NULL
344,1970,2309,Bert Yancey,1,NULL
345,1970,1393,Bill Garrett,1,NULL
346,1970,1177,Billy Casper,4,NULL
347,1970,1422,Bob Goalby,1,NULL
348,1970,1714,Bob Lunn,1,NULL
349,1970,1851,Bob Murphy,1,NULL
350,1970,1867,Bobby Nichols,1,NULL
351,1970,1233,Bruce Crampton,1,NULL
352,1970,1269,Bruce Devlin,2,NULL
353,1970,2045,Cesar Sanudo,1,NULL
354,1970,1290,Dale Douglass,1,NULL
355,1970,1519,Dave Hill,1,NULL
356,1970,2152,Dave Stockton,1,NULL
357,1970,1076,Deane Beman,1,NULL
358,1970,1704,Dick Lotz,2,NULL
359,1970,1576,Don January,1,NULL
360,1970,2042,Doug Sanders,1,NULL
361,1970,1069,Frank Beard,2,NULL
362,1970,1955,Gary Player,1,NULL
363,1970,1640,George Knudson,1,NULL
364,1970,1412,Gibby Gilbert,1,NULL
365,1970,1511,Harold Henning,1,NULL
366,1970,1099,Homero Blancas,1,NULL
367,1970,2029,Hugh Royer,1,NULL
368,1970,1869,Jack Nicklaus,2,1
369,1970,2150,Ken Still,1,NULL
370,1970,2314,Kermit Zarley,1,NULL
371,1970,2213,Lee Trevino,2,NULL
372,1970,2032,Mason Rudolph,1,NULL
373,1970,1520,Mike Hill,1,NULL
374,1970,1057,Miller Barber,1,NULL
375,1970,1137,Pete Brown,1,NULL
376,1970,1180,Ron Cerrudo,1,NULL
377,1970,1001,Tommy Aaron,1,NULL
378,1970,6306,Tony Jacklin,1,NULL
379,1971,1910,Arnold Palmer,3,1
380,1971,1177,Billy Casper,1,NULL
381,1971,1422,Bob Goalby,1,NULL
382,1971,1714,Bob Lunn,1,NULL
383,1971,1820,Bobby Mitchell,1,NULL
384,1971,1233,Bruce Crampton,1,NULL
385,1971,1017,Bud Allin,1,NULL
386,1971,1215,Charles Coody,1,NULL
387,1971,1310,Dave Eichelberger,1,NULL
388,1971,2152,Dave Stockton,1,NULL
389,1971,2260,DeWitt Weaver,1,NULL
390,1971,1069,Frank Beard,1,NULL
391,1971,1273,Gardner Dickinson,1,NULL
392,1971,1955,Gary Player,2,NULL
393,1971,1695,Gene Littler,2,NULL
394,1971,1033,George Archer,2,NULL
395,1971,1559,Hale Irwin,1,NULL
396,1971,1443,Hubert Green,1,NULL
397,1971,2118,J.C. Snead,2,NULL
398,1971,1869,Jack Nicklaus,4,1
399,1971,1502,Jerry Heard,1,NULL
400,1971,1815,Johnny Miller,1,NULL
401,1971,1486,Labron Harris,1,NULL
402,1971,2213,Lee Trevino,6,NULL
403,1971,1057,Miller Barber,1,NULL
404,1971,2083,Tom Shaw,2,NULL
405,1971,2268,Tom Weiskopf,2,NULL
406,1972,1525,Babe Hiskey,0,1
407,1972,2309,Bert Yancey,1,NULL
408,1972,1714,Bob Lunn,1,NULL
409,1972,2022,Bob Rosburg,1,NULL
410,1972,2082,Bob Shaw,1,NULL
411,1972,1820,Bobby Mitchell,1,NULL
412,1972,1269,Bruce Devlin,2,NULL
413,1972,2015,Chi Chi Rodriguez,1,NULL
414,1972,1519,Dave Hill,1,NULL
415,1972,1436,David Graham,1,NULL
416,1972,1076,Deane Beman,1,NULL
417,1972,2260,DeWitt Weaver,1,NULL
418,1972,2042,Doug Sanders,1,NULL
419,1972,1955,Gary Player,2,NULL
420,1972,1124,Gay Brewer,1,NULL
421,1972,1033,George Archer,2,NULL
422,1972,1640,George Knudson,1,NULL
423,1972,1597,Grier Jones,2,NULL
424,1972,1099,Homero Blancas,1,NULL
425,1972,2118,J.C. Snead,1,NULL
426,1972,1869,Jack Nicklaus,7,NULL
427,1972,1502,Jerry Heard,2,NULL
428,1972,1205,Jim Colbert,1,NULL
429,1972,1573,Jim Jamieson,1,NULL
430,1972,1815,Johnny Miller,1,NULL
431,1972,2314,Kermit Zarley,0,1
432,1972,2242,Lanny Wadkins,1,NULL
433,1972,2213,Lee Trevino,4,NULL
434,1972,1438,Lou Graham,1,NULL
435,1972,1520,Mike Hill,1,NULL
436,1972,1057,Miller Barber,1,NULL
437,1972,1483,Paul Harney,1,NULL
438,1972,2268,Tom Weiskopf,1,NULL
439,1972,6306,Tony Jacklin,1,NULL
440,1973,1910,Arnold Palmer,1,NULL
441,1973,1235,Ben Crenshaw,1,NULL
442,1973,10908,Bert Greene,1,NULL
443,1973,1177,Billy Casper,2,NULL
444,1973,1274,Bob Dickson,1,NULL
445,1973,1867,Bobby Nichols,1,NULL
446,1973,1233,Bruce Crampton,4,NULL
447,1973,1017,Bud Allin,1,NULL
448,1973,2015,Chi Chi Rodriguez,1,NULL
449,1973,1519,Dave Hill,1,NULL
450,1973,2152,Dave Stockton,1,NULL
451,1973,1076,Deane Beman,1,NULL
452,1973,2120,Ed Sneed,1,NULL
453,1973,1955,Gary Player,1,NULL
454,1973,1695,Gene Littler,1,NULL
455,1973,1559,Hale Irwin,1,NULL
456,1973,1099,Homero Blancas,1,NULL
457,1973,1443,Hubert Green,2,NULL
458,1973,1869,Jack Nicklaus,7,NULL
459,1973,1205,Jim Colbert,1,NULL
460,1973,1725,John Mahaffey,1,NULL
461,1973,2060,John Schlee,1,NULL
462,1973,2064,John Schroeder,1,NULL
463,1973,1815,Johnny Miller,1,NULL
464,1973,2242,Lanny Wadkins,2,NULL
465,1973,2213,Lee Trevino,2,NULL
466,1973,1057,Miller Barber,1,NULL
467,1973,11421,Rod Funseth,1,NULL
468,1973,1007,Sam Adams,1,NULL
469,1973,2268,Tom Weiskopf,5,NULL
470,1973,1001,Tommy Aaron,1,NULL
471,1974,1401,Al Geiberger,1,NULL
472,1974,1189,Bob Charles,1,NULL
473,1974,1801,Bob Menne,1,NULL
474,1974,1867,Bobby Nichols,2,NULL
475,1974,1017,Bud Allin,2,NULL
476,1974,1519,Dave Hill,1,NULL
477,1974,2152,Dave Stockton,3,NULL
478,1974,2120,Ed Sneed,1,NULL
479,1974,1342,Forrest Fezler,1,NULL
480,1974,1955,Gary Player,3,NULL
481,1974,1559,Hale Irwin,1,NULL
482,1974,1443,Hubert Green,3,1
483,1974,1869,Jack Nicklaus,2,NULL
484,1974,1502,Jerry Heard,1,NULL
485,1974,1205,Jim Colbert,1,NULL
486,1974,1815,Johnny Miller,8,NULL
487,1974,1312,Lee Elder,1,NULL
488,1974,2213,Lee Trevino,2,NULL
489,1974,2195,Leonard Thompson,1,NULL
490,1974,1793,Mac McLendon,0,1
491,1974,1057,Miller Barber,1,NULL
492,1974,1611,Richie Karl,1,NULL
493,1974,1242,Rod Curl,1,NULL
494,1974,1275,Terry Diehl,1,NULL
495,1974,2256,Tom Watson,1,NULL
496,1974,1994,Victor Regalado,1,NULL
497,1975,1401,Al Geiberger,2,NULL
498,1975,2247,Art Wall,1,NULL
499,1975,1177,Billy Casper,1,NULL
500,1975,1851,Bob Murphy,1,NULL
501,1975,1233,Bruce Crampton,1,NULL
502,1975,1519,Dave Hill,1,NULL
503,1975,1993,Dean Refram,0,1
504,1975,1087,Don Bies,1,NULL
505,1975,1562,Don Iverson,1,NULL
506,1975,1576,Don January,1,NULL
507,1975,1450,Gary Groh,1,NULL
508,1975,1695,Gene Littler,3,NULL
509,1975,1559,Hale Irwin,2,NULL
510,1975,1443,Hubert Green,1,NULL
511,1975,2118,J.C. Snead,1,NULL
512,1975,1869,Jack Nicklaus,5,NULL
513,1975,1786,Jerry McGee,1,NULL
514,1975,1205,Jim Colbert,0,1
515,1975,1815,Johnny Miller,4,NULL
516,1975,2317,Larry Ziegler,1,NULL
517,1975,2213,Lee Trevino,1,NULL
518,1975,1438,Lou Graham,1,NULL
519,1975,1350,Pat Fitzsimons,1,NULL
520,1975,1355,Raymond Floyd,1,NULL
521,1975,1753,Rik Massengale,1,NULL
522,1975,1736,Roger Maltbie,2,NULL
523,1975,1578,Tom Jenkins,1,NULL
524,1975,2256,Tom Watson,2,NULL
525,1975,2268,Tom Weiskopf,2,NULL
526,1976,1401,Al Geiberger,2,NULL
527,1976,1235,Ben Crenshaw,3,NULL
528,1976,1648,Billy Kratzert,0,1
529,1976,1414,Bob Gilder,1,NULL
530,1976,2305,Bob Wynn,1,NULL
531,1976,1017,Bud Allin,1,NULL
532,1976,1045,Butch Baird,1,NULL
533,1976,1519,Dave Hill,1,NULL
534,1976,2152,Dave Stockton,1,NULL
535,1976,1436,David Graham,2,NULL
536,1976,1576,Don January,1,NULL
537,1976,1641,Gary Koch,1,NULL
538,1976,1033,George Archer,1,NULL
539,1976,1412,Gibby Gilbert,1,NULL
540,1976,1559,Hale Irwin,2,NULL
541,1976,1443,Hubert Green,3,NULL
542,1976,2118,J.C. Snead,2,NULL
543,1976,1869,Jack Nicklaus,2,NULL
544,1976,1925,Jerry Pate,2,NULL
545,1976,1556,Joe Inman,1,NULL
546,1976,1694,John Lister,1,NULL
547,1976,1815,Johnny Miller,3,NULL
548,1976,2317,Larry Ziegler,1,NULL
549,1976,1312,Lee Elder,1,NULL
550,1976,2213,Lee Trevino,1,NULL
551,1976,1793,Mac McLendon,1,NULL
552,1976,1499,Mark Hayes,2,NULL
553,1976,1355,Raymond Floyd,2,NULL
554,1976,1753,Rik Massengale,1,NULL
555,1976,1736,Roger Maltbie,1,NULL
556,1976,1633,Tom Kite,1,NULL
557,1976,1095,Woody Blackburn,0,1
558,1977,1401,Al Geiberger,1,NULL
559,1977,1068,Andy Bean,1,NULL
560,1977,1878,Andy North,1,NULL
561,1977,1235,Ben Crenshaw,1,NULL
562,1977,1648,Billy Kratzert,1,NULL
563,1977,1206,Bobby Cole,1,NULL
564,1977,1690,Bruce Lietzke,2,NULL
565,1977,1305,Danny Edwards,1,NULL
566,1977,1310,Dave Eichelberger,1,NULL
567,1977,2120,Ed Sneed,1,NULL
568,1977,1641,Gary Koch,1,NULL
569,1977,1695,Gene Littler,1,NULL
570,1977,1412,Gibby Gilbert,0,1
571,1977,1837,Gil Morgan,1,NULL
572,1977,1744,Graham Marsh,1,NULL
573,1977,1597,Grier Jones,0,1
574,1977,1559,Hale Irwin,3,NULL
575,1977,1443,Hubert Green,1,NULL
576,1977,1869,Jack Nicklaus,3,NULL
577,1977,1786,Jerry McGee,1,NULL
578,1977,1925,Jerry Pate,2,NULL
579,1977,2098,Jim Simons,1,NULL
580,1977,2242,Lanny Wadkins,2,NULL
581,1977,2213,Lee Trevino,1,NULL
582,1977,2195,Leonard Thompson,1,NULL
583,1977,1499,Mark Hayes,1,NULL
584,1977,1520,Mike Hill,1,NULL
585,1977,1838,Mike Morley,1,NULL
586,1977,1057,Miller Barber,1,NULL
587,1977,1355,Raymond Floyd,2,NULL
588,1977,1753,Rik Massengale,1,NULL
589,1977,1975,Tom Purtzer,1,NULL
590,1977,2256,Tom Watson,5,NULL
591,1977,2268,Tom Weiskopf,1,NULL
592,1978,1068,Andy Bean,3,NULL
593,1978,1878,Andy North,1,NULL
594,1978,1571,Barry Jaeckel,1,NULL
595,1978,2016,Bill Rogers,1,NULL
596,1978,1738,Bob Mann,0,1
597,1978,1690,Bruce Lietzke,1,NULL
598,1978,1955,Gary Player,3,NULL
599,1978,1837,Gil Morgan,2,NULL
600,1978,1443,Hubert Green,2,NULL
601,1978,1866,Jack Newton,1,NULL
602,1978,1869,Jack Nicklaus,4,NULL
603,1978,1457,Jay Haas,1,NULL
604,1978,1502,Jerry Heard,1,NULL
605,1978,1925,Jerry Pate,1,NULL
606,1978,2098,Jim Simons,1,NULL
607,1978,1725,John Mahaffey,2,NULL
608,1978,1312,Lee Elder,2,NULL
609,1978,2213,Lee Trevino,1,NULL
610,1978,1522,Lon Hinkle,1,NULL
611,1978,1793,Mac McLendon,2,NULL
612,1978,1057,Miller Barber,1,NULL
613,1978,11421,Rod Funseth,1,NULL
614,1978,2160,Ron Streck,1,NULL
615,1978,1051,Seve Ballesteros,1,NULL
616,1978,1633,Tom Kite,1,NULL
617,1978,2256,Tom Watson,5,NULL
618,1978,2268,Tom Weiskopf,1,NULL
619,1978,1994,Victor Regalado,1,NULL
620,1978,1682,Wayne Levi,0,1
621,1979,1401,Al Geiberger,1,NULL
622,1979,1068,Andy Bean,1,NULL
623,1979,1235,Ben Crenshaw,1,1
624,1979,1155,Bob Byman,1,NULL
625,1979,1690,Bruce Lietzke,1,NULL
626,1979,1935,Calvin Peete,1,NULL
627,1979,2015,Chi Chi Rodriguez,1,NULL
628,1979,2159,Curtis Strange,1,NULL
629,1979,2267,D.A. Weibring,1,NULL
630,1979,1436,David Graham,1,NULL
631,1979,1346,Ed Fiori,1,NULL
632,1979,2321,Fuzzy Zoeller,2,NULL
633,1979,1150,George Burns,0,1
634,1979,1837,Gil Morgan,1,NULL
635,1979,1559,Hale Irwin,1,NULL
636,1979,2225,Howard Twitty,1,NULL
637,1979,1443,Hubert Green,2,NULL
638,1979,1998,Jack Renner,1,NULL
639,1979,1786,Jerry McGee,2,NULL
640,1979,1363,John Fought,2,NULL
641,1979,1725,John Mahaffey,1,NULL
642,1979,2242,Lanny Wadkins,2,NULL
643,1979,1864,Larry Nelson,2,NULL
644,1979,2213,Lee Trevino,1,NULL
645,1979,1522,Lon Hinkle,2,NULL
646,1979,1438,Lou Graham,3,NULL
647,1979,1783,Mark McCumber,1,NULL
648,1979,1355,Raymond Floyd,1,NULL
649,1979,1051,Seve Ballesteros,1,NULL
650,1979,2256,Tom Watson,5,NULL
651,1979,1682,Wayne Levi,1,NULL
652,1980,1068,Andy Bean,1,NULL
653,1980,1235,Ben Crenshaw,1,NULL
654,1980,1648,Billy Kratzert,1,NULL
655,1980,1414,Bob Gilder,1,NULL
656,1980,1690,Bruce Lietzke,1,NULL
657,1980,2133,Craig Stadler,2,NULL
658,1980,2159,Curtis Strange,2,NULL
659,1980,1469,Dan Halldorson,1,NULL
660,1980,1305,Danny Edwards,0,1
661,1980,1310,Dave Eichelberger,1,NULL
662,1980,1306,David Edwards,0,1
663,1980,1436,David Graham,1,NULL
664,1980,1960,Don Pooley,1,NULL
665,1980,2190,Doug Tewell,2,NULL
666,1980,1150,George Burns,1,NULL
667,1980,2225,Howard Twitty,1,NULL
668,1980,1869,Jack Nicklaus,2,NULL
669,1980,1821,Jeff Mitchell,1,NULL
670,1980,1205,Jim Colbert,1,NULL
671,1980,1725,John Mahaffey,1,NULL
672,1980,1815,Johnny Miller,1,NULL
673,1980,1864,Larry Nelson,1,NULL
674,1980,2213,Lee Trevino,3,NULL
675,1980,1949,Mark Pfeil,1,NULL
676,1980,2167,Mike Sullivan,1,NULL
677,1980,1569,Peter Jacobsen,1,NULL
678,1980,1477,Phillip Hancock,1,NULL
679,1980,1355,Raymond Floyd,1,NULL
680,1980,1527,Scott Hoch,1,NULL
681,1980,2099,Scott Simpson,1,NULL
682,1980,1051,Seve Ballesteros,1,NULL
683,1980,2256,Tom Watson,7,NULL
684,1980,1682,Wayne Levi,1,NULL
685,1981,1068,Andy Bean,1,NULL
686,1981,2016,Bill Rogers,4,NULL
687,1981,1690,Bruce Lietzke,3,NULL
688,1981,2133,Craig Stadler,1,NULL
689,1981,1060,Dave Barr,1,NULL
690,1981,1310,Dave Eichelberger,1,NULL
691,1981,1436,David Graham,2,NULL
692,1981,1346,Ed Fiori,1,NULL
693,1981,2321,Fuzzy Zoeller,1,NULL
694,1981,1559,Hale Irwin,2,NULL
695,1981,1443,Hubert Green,1,NULL
696,1981,2118,J.C. Snead,1,NULL
697,1981,1998,Jack Renner,1,NULL
698,1981,1457,Jay Haas,2,NULL
699,1981,1925,Jerry Pate,2,NULL
700,1981,1219,John Cook,1,NULL
701,1981,1725,John Mahaffey,1,NULL
702,1981,1815,Johnny Miller,2,NULL
703,1981,1334,Keith Fergus,1,NULL
704,1981,1864,Larry Nelson,2,NULL
705,1981,2213,Lee Trevino,1,NULL
706,1981,1529,Mike Holland,0,1
707,1981,1495,Morris Hatalsky,1,NULL
708,1981,1897,Peter Oosterhuis,1,NULL
709,1981,1355,Raymond Floyd,3,NULL
710,1981,2160,Ron Streck,1,NULL
711,1981,1633,Tom Kite,1,NULL
712,1981,2256,Tom Watson,3,NULL
713,1981,2268,Tom Weiskopf,1,NULL
714,1981,1501,Vance Heafner,0,1
715,1982,1068,Andy Bean,1,NULL
716,1982,1414,Bob Gilder,3,NULL
717,1982,2084,Bob Shearer,1,NULL
718,1982,1197,Bobby Clampett,1,NULL
719,1982,1690,Bruce Lietzke,1,NULL
720,1982,1935,Calvin Peete,4,NULL
721,1982,2133,Craig Stadler,4,NULL
722,1982,1305,Danny Edwards,1,NULL
723,1982,1346,Ed Fiori,1,NULL
724,1982,2120,Ed Sneed,1,NULL
725,1982,2170,Hal Sutton,1,NULL
726,1982,1559,Hale Irwin,1,NULL
727,1982,1869,Jack Nicklaus,1,NULL
728,1982,1457,Jay Haas,2,NULL
729,1982,1925,Jerry Pate,1,NULL
730,1982,2098,Jim Simons,1,NULL
731,1982,1815,Johnny Miller,1,NULL
732,1982,1334,Keith Fergus,1,NULL
733,1982,2242,Lanny Wadkins,3,NULL
734,1982,2146,Payne Stewart,1,NULL
735,1982,1355,Raymond Floyd,3,NULL
736,1982,1527,Scott Hoch,1,NULL
737,1982,1877,Tim Norris,1,NULL
738,1982,1633,Tom Kite,1,NULL
739,1982,2256,Tom Watson,4,NULL
740,1982,2268,Tom Weiskopf,1,NULL
741,1982,1682,Wayne Levi,2,NULL
742,1983,1235,Ben Crenshaw,1,NULL
743,1983,2016,Bill Rogers,1,NULL
744,1983,1414,Bob Gilder,1,NULL
745,1983,1935,Calvin Peete,2,NULL
746,1983,2159,Curtis Strange,1,NULL
747,1983,1305,Danny Edwards,1,NULL
748,1983,1436,David Graham,1,NULL
749,1983,1226,Fred Couples,1,NULL
750,1983,2321,Fuzzy Zoeller,2,NULL
751,1983,1468,Gary Hallberg,1,NULL
752,1983,1641,Gary Koch,1,NULL
753,1983,1837,Gil Morgan,2,NULL
754,1983,2170,Hal Sutton,2,NULL
755,1983,1559,Hale Irwin,1,NULL
756,1983,1030,Isao Aoki,1,NULL
757,1983,1205,Jim Colbert,2,NULL
758,1983,1219,John Cook,1,NULL
759,1983,1815,Johnny Miller,1,NULL
760,1983,1334,Keith Fergus,1,NULL
761,1983,2242,Lanny Wadkins,2,NULL
762,1983,1823,Larry Mize,1,NULL
763,1983,1864,Larry Nelson,1,NULL
764,1983,1715,Mark Lye,1,NULL
765,1983,1783,Mark McCumber,2,NULL
766,1983,1871,Mike Nicolette,1,NULL
767,1983,1495,Morris Hatalsky,1,NULL
768,1983,1968,Nick Price,1,NULL
769,1983,1692,Pat Lindsey,1,NULL
770,1983,2146,Payne Stewart,1,NULL
771,1983,1162,Rex Caldwell,1,NULL
772,1983,1093,Ronnie Black,1,NULL
773,1983,1051,Seve Ballesteros,2,NULL
774,1983,1633,Tom Kite,1,NULL
775,1983,2256,Tom Watson,1,NULL
776,1983,1682,Wayne Levi,1,NULL
777,1984,1068,Andy Bean,1,NULL
778,1984,1235,Ben Crenshaw,1,NULL
779,1984,1648,Billy Kratzert,1,NULL
780,1984,1303,Bob Eastwood,2,NULL
781,1984,1690,Bruce Lietzke,1,NULL
782,1984,1935,Calvin Peete,1,NULL
783,1984,1928,Corey Pavin,1,NULL
784,1984,2133,Craig Stadler,1,NULL
785,1984,2159,Curtis Strange,1,NULL
786,1984,1306,David Edwards,1,NULL
787,1984,2255,Denis Watson,3,NULL
788,1984,1226,Fred Couples,1,NULL
789,1984,2321,Fuzzy Zoeller,1,NULL
790,1984,1641,Gary Koch,2,NULL
791,1984,1033,George Archer,1,NULL
792,1984,1876,Greg Norman,2,NULL
793,1984,1559,Hale Irwin,1,NULL
794,1984,1443,Hubert Green,1,NULL
795,1984,1869,Jack Nicklaus,1,NULL
796,1984,1998,Jack Renner,1,NULL
797,1984,1725,John Mahaffey,1,NULL
798,1984,1864,Larry Nelson,1,NULL
799,1984,2213,Lee Trevino,1,NULL
800,1984,1887,Mark O'Meara,1,NULL
801,1984,1326,Nick Faldo,1,NULL
802,1984,1569,Peter Jacobsen,2,NULL
803,1984,1093,Ronnie Black,1,NULL
804,1984,1527,Scott Hoch,1,NULL
805,1984,2099,Scott Simpson,1,NULL
806,1984,1051,Seve Ballesteros,1,NULL
807,1984,1633,Tom Kite,2,NULL
808,1984,1975,Tom Purtzer,1,NULL
809,1984,2256,Tom Watson,3,NULL
810,1984,1682,Wayne Levi,1,NULL
811,1985,1878,Andy North,1,NULL
812,1985,1666,Bernhard Langer,2,NULL
813,1985,1418,Bill Glasson,1,NULL
814,1985,1303,Bob Eastwood,1,NULL
815,1985,1935,Calvin Peete,2,NULL
816,1985,1928,Corey Pavin,1,NULL
817,1985,2159,Curtis Strange,3,NULL
818,1985,1361,Dan Forsman,1,NULL
819,1985,1305,Danny Edwards,1,NULL
820,1985,2321,Fuzzy Zoeller,1,NULL
821,1985,1150,George Burns,1,NULL
822,1985,2170,Hal Sutton,2,NULL
823,1985,1559,Hale Irwin,1,NULL
824,1985,1443,Hubert Green,1,NULL
825,1985,2201,Jim Thorpe,2,NULL
826,1985,2101,Joey Sindelar,2,NULL
827,1985,1725,John Mahaffey,1,NULL
828,1985,1444,Ken Green,1,NULL
829,1985,2242,Lanny Wadkins,3,NULL
830,1985,1783,Mark McCumber,1,NULL
831,1985,1887,Mark O'Meara,2,NULL
832,1985,2279,Mark Wiebe,1,NULL
833,1985,1096,Phil Blackmar,1,NULL
834,1985,1355,Raymond Floyd,1,NULL
835,1985,1736,Roger Maltbie,2,NULL
836,1985,1717,Sandy Lyle,1,NULL
837,1985,2239,Scott Verplank,1,NULL
838,1985,1051,Seve Ballesteros,1,NULL
839,1985,2100,Tim Simpson,1,NULL
840,1985,1633,Tom Kite,1,NULL
841,1985,1682,Wayne Levi,1,NULL
842,1985,1095,Woody Blackburn,1,NULL
843,1986,1068,Andy Bean,2,NULL
844,1986,1235,Ben Crenshaw,2,NULL
845,1986,1851,Bob Murphy,1,NULL
846,1986,2223,Bob Tway,4,NULL
847,1986,1935,Calvin Peete,2,NULL
848,1986,1928,Corey Pavin,2,NULL
849,1986,2159,Curtis Strange,1,NULL
850,1986,1361,Dan Forsman,1,NULL
851,1986,1958,Dan Pohl,2,NULL
852,1986,1475,Donnie Hammond,1,NULL
853,1986,2190,Doug Tewell,1,NULL
854,1986,1425,Ernie Gonzalez,1,NULL
855,1986,2244,Fred Wadsworth,1,NULL
856,1986,2321,Fuzzy Zoeller,3,NULL
857,1986,2049,Gene Sauers,1,NULL
858,1986,1876,Greg Norman,3,NULL
859,1986,2170,Hal Sutton,2,NULL
860,1986,1869,Jack Nicklaus,1,NULL
861,1986,2201,Jim Thorpe,1,NULL
862,1986,1725,John Mahaffey,1,NULL
863,1986,1444,Ken Green,1,NULL
864,1986,1639,Kenny Knox,1,NULL
865,1986,1884,Mac O'Grady,1,NULL
866,1986,1161,Mark Calcavecchia,1,NULL
867,1986,2279,Mark Wiebe,1,NULL
868,1986,1549,Mike Hulbert,1,NULL
869,1986,1355,Raymond Floyd,2,NULL
870,1986,1331,Rick Fehr,1,NULL
871,1986,1717,Sandy Lyle,1,NULL
872,1986,1633,Tom Kite,1,NULL
873,1987,1235,Ben Crenshaw,1,NULL
874,1987,1192,T.C. Chen,1,NULL
875,1987,1928,Corey Pavin,2,NULL
876,1987,2159,Curtis Strange,3,NULL
877,1987,2267,D.A. Weibring,1,NULL
878,1987,1060,Dave Barr,1,NULL
879,1987,1706,Davis Love III,1,NULL
880,1987,1960,Don Pooley,1,NULL
881,1987,2190,Doug Tewell,1,NULL
882,1987,1226,Fred Couples,1,NULL
883,1987,1468,Gary Hallberg,1,NULL
884,1987,1150,George Burns,1,NULL
885,1987,2118,J.C. Snead,1,NULL
886,1987,1457,Jay Haas,1,NULL
887,1987,2101,Joey Sindelar,1,NULL
888,1987,1219,John Cook,1,NULL
889,1987,1557,John Inman,1,NULL
890,1987,1815,Johnny Miller,1,NULL
891,1987,1200,Keith Clearwater,2,NULL
892,1987,1135,Ken Brown,1,NULL
893,1987,1639,Kenny Knox,1,NULL
894,1987,2242,Lanny Wadkins,1,NULL
895,1987,1823,Larry Mize,1,NULL
896,1987,1864,Larry Nelson,2,NULL
897,1987,1884,Mac O'Grady,1,NULL
898,1987,1161,Mark Calcavecchia,1,NULL
899,1987,1783,Mark McCumber,1,NULL
900,1987,1996,Mike Reid,1,NULL
901,1987,1326,Nick Faldo,1,NULL
902,1987,1042,Paul Azinger,3,NULL
903,1987,2146,Payne Stewart,1,NULL
904,1987,2303,Robert Wrenn,1,NULL
905,1987,1984,Sam Randolph,1,NULL
906,1987,1717,Sandy Lyle,1,NULL
907,1987,2099,Scott Simpson,2,NULL
908,1987,1926,Steve Pate,1,NULL
909,1987,1633,Tom Kite,1,NULL
910,1987,2256,Tom Watson,1,NULL
911,1988,1723,Andrew Magee,1,NULL
912,1988,1235,Ben Crenshaw,1,NULL
913,1988,1418,Bill Glasson,2,NULL
914,1988,1771,Blaine McCallister,1,NULL
915,1988,1701,Bob Lohr,1,NULL
916,1988,1690,Bruce Lietzke,1,NULL
917,1988,1072,Chip Beck,2,NULL
918,1988,1928,Corey Pavin,1,NULL
919,1988,2159,Curtis Strange,4,NULL
920,1988,1378,David Frost,2,NULL
921,1988,1641,Gary Koch,1,NULL
922,1988,1876,Greg Norman,1,NULL
923,1988,1457,Jay Haas,1,NULL
924,1988,2104,Jeff Sluman,1,NULL
925,1988,1078,Jim Benepe,1,NULL
926,1988,1846,Jodie Mudd,1,NULL
927,1988,2101,Joey Sindelar,2,NULL
928,1988,1444,Ken Green,2,NULL
929,1988,2242,Lanny Wadkins,2,NULL
930,1988,1864,Larry Nelson,1,NULL
931,1988,1132,Mark Brooks,1,NULL
932,1988,1161,Mark Calcavecchia,1,NULL
933,1988,1783,Mark McCumber,1,NULL
934,1988,1996,Mike Reid,1,NULL
935,1988,1495,Morris Hatalsky,1,NULL
936,1988,1042,Paul Azinger,1,NULL
937,1988,1096,Phil Blackmar,1,NULL
938,1988,1717,Sandy Lyle,3,NULL
939,1988,2239,Scott Verplank,1,NULL
940,1988,1051,Seve Ballesteros,2,NULL
941,1988,1599,Steve Jones,1,NULL
942,1988,1926,Steve Pate,2,NULL
943,1988,1975,Tom Purtzer,1,NULL
944,1988,2090,Tom Sieckmann,1,NULL
945,1989,1129,Bill Britton,1,NULL
946,1989,1418,Bill Glasson,1,NULL
947,1989,1771,Blaine McCallister,2,NULL
948,1989,2223,Bob Tway,1,NULL
949,1989,1156,Curt Byrum,1,NULL
950,1989,2159,Curtis Strange,1,NULL
951,1989,1378,David Frost,1,NULL
952,1989,1475,Donnie Hammond,1,NULL
953,1989,2049,Gene Sauers,1,NULL
954,1989,1876,Greg Norman,2,NULL
955,1989,2224,Greg Twiggs,1,NULL
956,1989,1049,Ian Baker-Finch,1,NULL
957,1989,1846,Jodie Mudd,1,NULL
958,1989,1725,John Mahaffey,1,NULL
959,1989,1444,Ken Green,1,NULL
960,1989,2195,Leonard Thompson,1,NULL
961,1989,1161,Mark Calcavecchia,3,NULL
962,1989,1783,Mark McCumber,1,NULL
963,1989,1887,Mark O'Meara,1,NULL
964,1989,1284,Mike Donald,1,NULL
965,1989,1549,Mike Hulbert,1,NULL
966,1989,2167,Mike Sullivan,1,NULL
967,1989,1326,Nick Faldo,1,NULL
968,1989,1042,Paul Azinger,1,NULL
969,1989,2146,Payne Stewart,2,NULL
970,1989,1527,Scott Hoch,1,NULL
971,1989,2099,Scott Simpson,1,NULL
972,1989,2230,Stan Utley,1,NULL
973,1989,1599,Steve Jones,3,NULL
974,1989,2067,Ted Schulz,1,NULL
975,1989,2100,Tim Simpson,2,NULL
976,1989,1157,Tom Byrum,1,NULL
977,1989,1633,Tom Kite,3,NULL
978,1989,1435,Wayne Grady,1,NULL
979,1990,1235,Ben Crenshaw,1,NULL
980,1990,2223,Bob Tway,1,NULL
981,1990,1072,Chip Beck,1,NULL
982,1990,1361,Dan Forsman,1,NULL
983,1990,1378,David Frost,1,NULL
984,1990,1560,David Ishii,1,NULL
985,1990,1706,Davis Love III,1,NULL
986,1990,1226,Fred Couples,1,NULL
987,1990,1837,Gil Morgan,1,NULL
988,1990,1876,Greg Norman,2,NULL
989,1990,1559,Hale Irwin,2,NULL
990,1990,1385,Jim Gallagher Jr,1,NULL
991,1990,1846,Jodie Mudd,2,NULL
992,1990,2101,Joey Sindelar,1,NULL
993,1990,1553,John Huston,1,NULL
994,1990,6373,José María Olazábal,1,NULL
995,1990,1639,Kenny Knox,1,NULL
996,1990,2242,Lanny Wadkins,1,NULL
997,1990,1887,Mark O'Meara,2,NULL
998,1990,1495,Morris Hatalsky,1,NULL
999,1990,1326,Nick Faldo,2,NULL
1000,1990,1510,Nolan Henke,1,NULL
1001,1990,1042,Paul Azinger,1,NULL
1002,1990,2146,Payne Stewart,2,NULL
1003,1990,1569,Peter Jacobsen,1,NULL
1004,1990,1946,Peter Persons,1,NULL
1005,1990,1388,Robert Gamez,2,NULL
1006,1990,1313,Steve Elkington,1,NULL
1007,1990,2100,Tim Simpson,1,NULL
1008,1990,1633,Tom Kite,1,NULL
1009,1990,1035,Tommy Armour III,1,NULL
1010,1990,2094,Tony Sills,1,NULL
1011,1990,1435,Wayne Grady,1,NULL
1012,1990,1682,Wayne Levi,4,NULL
1013,1991,1723,Andrew Magee,2,NULL
1014,1991,1024,Billy Andrade,2,NULL
1015,1991,1133,Billy Ray Brown,1,NULL
1016,1991,1771,Blaine McCallister,1,NULL
1017,1991,1329,Brad Faxon,1,NULL
1018,1991,1353,Bruce Fleisher,1,NULL
1019,1991,1928,Corey Pavin,2,NULL
1020,1991,2133,Craig Stadler,1,NULL
1021,1991,2267,D.A. Weibring,1,NULL
1022,1991,1938,David Peoples,1,NULL
1023,1991,1706,Davis Love III,1,NULL
1024,1991,1971,Dillard Pruitt,1,NULL
1025,1991,1226,Fred Couples,2,NULL
1026,1991,1014,Fulton Allem,1,NULL
1027,1991,1049,Ian Baker-Finch,1,NULL
1028,1991,2300,Ian Woosnam,2,NULL
1029,1991,1098,Jay Don Blake,1,NULL
1030,1991,1249,John Daly,1,NULL
1031,1991,6373,José María Olazábal,1,NULL
1032,1991,1945,Kenny Perry,1,NULL
1033,1991,2242,Lanny Wadkins,1,NULL
1034,1991,1132,Mark Brooks,2,NULL
1035,1991,1887,Mark O'Meara,1,NULL
1036,1991,1549,Mike Hulbert,1,NULL
1037,1991,1968,Nick Price,2,NULL
1038,1991,1510,Nolan Henke,1,NULL
1039,1991,1042,Paul Azinger,1,NULL
1040,1991,2146,Payne Stewart,1,NULL
1041,1991,1810,Phil Mickelson,1,NULL
1042,1991,1797,Rocco Mediate,1,NULL
1043,1991,1203,Russ Cochran,1,NULL
1044,1991,1313,Steve Elkington,1,NULL
1045,1991,1926,Steve Pate,1,NULL
1046,1991,2067,Ted Schulz,1,NULL
1047,1991,1633,Tom Kite,1,NULL
1048,1991,1975,Tom Purtzer,2,NULL
1049,1992,1235,Ben Crenshaw,1,NULL
1050,1992,1418,Bill Glasson,1,NULL
1051,1992,1133,Billy Ray Brown,1,NULL
1052,1992,1329,Brad Faxon,2,NULL
1053,1992,1690,Bruce Lietzke,1,NULL
1054,1992,1072,Chip Beck,1,NULL
1055,1992,1928,Corey Pavin,1,NULL
1056,1992,2133,Craig Stadler,1,NULL
1057,1992,1361,Dan Forsman,1,NULL
1058,1992,1306,David Edwards,1,NULL
1059,1992,1378,David Frost,2,NULL
1060,1992,1938,David Peoples,1,NULL
1061,1992,1706,Davis Love III,3,NULL
1062,1992,1226,Fred Couples,3,NULL
1063,1992,1381,Fred Funk,1,NULL
1064,1992,1468,Gary Hallberg,1,NULL
1065,1992,1876,Greg Norman,1,NULL
1066,1992,1457,Jay Haas,1,NULL
1067,1992,1219,John Cook,3,NULL
1068,1992,1249,John Daly,1,NULL
1069,1992,1553,John Huston,1,NULL
1070,1992,2242,Lanny Wadkins,1,NULL
1071,1992,1577,Lee Janzen,1,NULL
1072,1992,1161,Mark Calcavecchia,1,NULL
1073,1992,7569,Mark Carnevale,1,NULL
1074,1992,1887,Mark O'Meara,1,NULL
1075,1992,1326,Nick Faldo,1,NULL
1076,1992,1968,Nick Price,2,NULL
1077,1992,1042,Paul Azinger,1,NULL
1078,1992,1355,Raymond Floyd,1,NULL
1079,1992,2322,Richard Zokol,1,NULL
1080,1992,1313,Steve Elkington,1,NULL
1081,1992,1926,Steve Pate,1,NULL
1082,1992,1633,Tom Kite,2,NULL
1083,1993,1235,Ben Crenshaw,1,NULL
1084,1993,1666,Bernhard Langer,1,NULL
1085,1993,1766,Billy Mayfair,1,NULL
1086,1993,1771,Blaine McCallister,1,NULL
1087,1993,1890,Brett Ogle,1,NULL
1088,1993,1306,David Edwards,1,NULL
1089,1993,1378,David Frost,2,NULL
1090,1993,1706,Davis Love III,2,NULL
1091,1993,1226,Fred Couples,1,NULL
1092,1993,1014,Fulton Allem,2,NULL
1093,1993,2245,Grant Waite,1,NULL
1094,1993,1876,Greg Norman,2,NULL
1095,1993,2225,Howard Twitty,1,NULL
1096,1993,1457,Jay Haas,1,NULL
1097,1993,1724,Jeff Maggert,1,NULL
1098,1993,1385,Jim Gallagher Jr,2,NULL
1099,1993,6090,Jim McGovern,1,NULL
1100,1993,1557,John Inman,1,NULL
1101,1993,1823,Larry Mize,2,NULL
1102,1993,1577,Lee Janzen,2,NULL
1103,1993,2135,Mike Standly,1,NULL
1104,1993,1968,Nick Price,4,NULL
1105,1993,1510,Nolan Henke,1,NULL
1106,1993,1042,Paul Azinger,3,NULL
1107,1993,1810,Phil Mickelson,2,NULL
1108,1993,1797,Rocco Mediate,1,NULL
1109,1993,2099,Scott Simpson,1,NULL
1110,1993,1633,Tom Kite,2,NULL
1111,1993,6567,Vijay Singh,1,NULL
1112,1994,1723,Andrew Magee,1,NULL
1113,1994,1235,Ben Crenshaw,1,NULL
1114,1994,1418,Bill Glasson,1,NULL
1115,1994,1320,Bob Estes,1,NULL
1116,1994,1890,Brett Ogle,1,NULL
1117,1994,6617,Brian Henninger,1,NULL
1118,1994,1690,Bruce Lietzke,1,NULL
1119,1994,1928,Corey Pavin,1,NULL
1120,1994,2133,Craig Stadler,1,NULL
1121,1994,1378,David Frost,1,NULL
1122,1994,10213,Dicky Pride,1,NULL
1123,1994,6522,Ernie Els,1,NULL
1124,1994,1226,Fred Couples,1,NULL
1125,1994,1876,Greg Norman,1,NULL
1126,1994,1559,Hale Irwin,1,NULL
1127,1994,1249,John Daly,1,NULL
1128,1994,1553,John Huston,1,NULL
1129,1994,1815,Johnny Miller,1,NULL
1130,1994,6373,José María Olazábal,2,NULL
1131,1994,1945,Kenny Perry,1,NULL
1132,1994,1577,Lee Janzen,1,NULL
1133,1994,2010,Loren Roberts,1,NULL
1134,1994,1132,Mark Brooks,1,NULL
1135,1994,1783,Mark McCumber,3,NULL
1136,1994,8337,Mike Heinen,1,NULL
1137,1994,2131,Mike Springer,2,NULL
1138,1994,2167,Mike Sullivan,1,NULL
1139,1994,6332,Neal Lancaster,1,NULL
1140,1994,1968,Nick Price,6,NULL
1141,1994,1810,Phil Mickelson,1,NULL
1142,1994,1331,Rick Fehr,1,NULL
1143,1994,1527,Scott Hoch,1,NULL
1144,1994,1313,Steve Elkington,1,NULL
1145,1994,1707,Steve Lowery,1,NULL
1146,1994,1677,Tom Lehman,1,NULL
1147,1995,1235,Ben Crenshaw,1,NULL
1148,1995,1766,Billy Mayfair,2,NULL
1149,1995,2223,Bob Tway,1,NULL
1150,1995,1143,Brad Bryant,1,NULL
1151,1995,1928,Corey Pavin,2,NULL
1152,1995,2267,D.A. Weibring,1,NULL
1153,1995,1706,Davis Love III,1,NULL
1154,1995,2246,Duffy Waldorf,1,NULL
1155,1995,1288,Ed Dougherty,1,NULL
1156,1995,6522,Ernie Els,1,NULL
1157,1995,1381,Fred Funk,2,NULL
1158,1995,1876,Greg Norman,3,NULL
1159,1995,2170,Hal Sutton,1,NULL
1160,1995,10809,Jim Furyk,1,NULL
1161,1995,1385,Jim Gallagher Jr,2,NULL
1162,1995,1249,John Daly,1,NULL
1163,1995,7235,John Morse,1,NULL
1164,1995,1945,Kenny Perry,1,NULL
1165,1995,1577,Lee Janzen,3,NULL
1166,1995,2010,Loren Roberts,1,NULL
1167,1995,1161,Mark Calcavecchia,1,NULL
1168,1995,1887,Mark O'Meara,2,NULL
1169,1995,1326,Nick Faldo,1,NULL
1170,1995,2146,Payne Stewart,1,NULL
1171,1995,1569,Peter Jacobsen,2,NULL
1172,1995,1810,Phil Mickelson,1,NULL
1173,1995,1527,Scott Hoch,1,NULL
1174,1995,1313,Steve Elkington,2,NULL
1175,1995,2218,Ted Tryba,1,NULL
1176,1995,1677,Tom Lehman,1,NULL
1177,1995,6567,Vijay Singh,2,NULL
1178,1995,7867,Woody Austin,1,NULL
1179,1996,2023,Clarence Rose,1,NULL
1180,1996,1928,Corey Pavin,1,NULL
1181,1996,2133,Craig Stadler,1,NULL
1182,1996,2267,D.A. Weibring,1,NULL
1183,1996,1891,David Ogrin,1,NULL
1184,1996,1706,Davis Love III,1,NULL
1185,1996,6575,Dudley Hart,1,NULL
1186,1996,1346,Ed Fiori,1,NULL
1187,1996,6522,Ernie Els,1,NULL
1188,1996,1226,Fred Couples,1,NULL
1189,1996,1381,Fred Funk,1,NULL
1190,1996,1876,Greg Norman,1,NULL
1191,1996,6214,Guy Boros,1,NULL
1192,1996,10809,Jim Furyk,1,NULL
1193,1996,1219,John Cook,2,NULL
1194,1996,10860,Justin Leonard,1,NULL
1195,1996,2010,Loren Roberts,2,NULL
1196,1996,1132,Mark Brooks,3,NULL
1197,1996,1887,Mark O'Meara,2,NULL
1198,1996,1116,Michael Bradley,1,NULL
1199,1996,1326,Nick Faldo,1,NULL
1200,1996,6643,Paul Goydos,1,NULL
1201,1996,8375,Paul Stankowski,1,NULL
1202,1996,1810,Phil Mickelson,4,NULL
1203,1996,1527,Scott Hoch,1,NULL
1204,1996,10585,Scott McCarron,1,NULL
1205,1996,1599,Steve Jones,1,NULL
1206,1996,6527,Steve Stricker,2,NULL
1207,1996,8793,Tiger Woods,2,NULL
1208,1996,12782,Tim Herron,1,NULL
1209,1996,1677,Tom Lehman,2,NULL
1210,1996,2256,Tom Watson,1,NULL
1211,1996,2294,Willie Wood,1,NULL
1212,1997,1418,Bill Glasson,1,NULL
1213,1997,1133,Billy Ray Brown,1,NULL
1214,1997,1329,Brad Faxon,1,NULL
1215,1997,9011,David Duval,3,NULL
1216,1997,1378,David Frost,1,NULL
1217,1997,2206,David Toms,1,NULL
1218,1997,1706,Davis Love III,2,NULL
1219,1997,6522,Ernie Els,2,NULL
1220,1997,10457,Frank Nobilo,1,NULL
1221,1997,21007,Gabriel Hjertstedt,1,NULL
1222,1997,1876,Greg Norman,2,NULL
1223,1997,2104,Jeff Sluman,1,NULL
1224,1997,1219,John Cook,1,NULL
1225,1997,10860,Justin Leonard,2,NULL
1226,1997,2010,Loren Roberts,1,NULL
1227,1997,1161,Mark Calcavecchia,1,NULL
1228,1997,1887,Mark O'Meara,2,NULL
1229,1997,1326,Nick Faldo,1,NULL
1230,1997,1968,Nick Price,1,NULL
1231,1997,8375,Paul Stankowski,1,NULL
1232,1997,1096,Phil Blackmar,1,NULL
1233,1997,1810,Phil Mickelson,2,NULL
1234,1997,1527,Scott Hoch,1,NULL
1235,1997,10585,Scott McCarron,1,NULL
1236,1997,1313,Steve Elkington,2,NULL
1237,1997,1599,Steve Jones,2,NULL
1238,1997,20229,Stewart Cink,1,NULL
1239,1997,20098,Stuart Appleby,1,NULL
1240,1997,8793,Tiger Woods,4,NULL
1241,1997,12782,Tim Herron,1,NULL
1242,1997,6567,Vijay Singh,2,NULL
1243,1998,1024,Billy Andrade,1,NULL
1244,1998,1766,Billy Mayfair,2,NULL
1245,1998,1185,Brandel Chamblee,1,NULL
1246,1998,1943,Chris Perry,1,NULL
1247,1998,9011,David Duval,4,NULL
1248,1998,1706,Davis Love III,1,NULL
1249,1998,6522,Ernie Els,1,NULL
1250,1998,1226,Fred Couples,2,NULL
1251,1998,1381,Fred Funk,1,NULL
1252,1998,2170,Hal Sutton,2,NULL
1253,1998,8537,J.P. Hayes,1,NULL
1254,1998,2104,Jeff Sluman,1,NULL
1255,1998,12660,Jesper Parnevik,1,NULL
1256,1998,10809,Jim Furyk,1,NULL
1257,1998,6621,Joe Durant,1,NULL
1258,1998,1219,John Cook,1,NULL
1259,1998,1553,John Huston,2,NULL
1260,1998,10860,Justin Leonard,1,NULL
1261,1998,1577,Lee Janzen,1,NULL
1262,1998,20396,Lee Westwood,1,NULL
1263,1998,1161,Mark Calcavecchia,1,NULL
1264,1998,1887,Mark O'Meara,2,NULL
1265,1998,1116,Michael Bradley,1,NULL
1266,1998,1968,Nick Price,1,NULL
1267,1998,1139,Olin Browne,1,NULL
1268,1998,1810,Phil Mickelson,2,NULL
1269,1998,2099,Scott Simpson,1,NULL
1270,1998,1313,Steve Elkington,1,NULL
1271,1998,1599,Steve Jones,1,NULL
1272,1998,1926,Steve Pate,1,NULL
1273,1998,20098,Stuart Appleby,1,NULL
1274,1998,8793,Tiger Woods,1,NULL
1275,1998,2256,Tom Watson,1,NULL
1276,1998,1282,Trevor Dodds,1,NULL
1277,1998,6567,Vijay Singh,2,NULL
1278,1999,1329,Brad Faxon,1,NULL
1279,1999,12645,Brent Geiberger,1,NULL
1280,1999,6617,Brian Henninger,1,NULL
1281,1999,12823,Carlos Franco,2,NULL
1282,1999,9011,David Duval,4,NULL
1283,1999,2206,David Toms,2,NULL
1284,1999,2246,Duffy Waldorf,2,NULL
1285,1999,6522,Ernie Els,1,NULL
1286,1999,21007,Gabriel Hjertstedt,1,NULL
1287,1999,8931,Glen Day,1,NULL
1288,1999,2170,Hal Sutton,1,NULL
1289,1999,1685,J.L. Lewis,1,NULL
1290,1999,1724,Jeff Maggert,1,NULL
1291,1999,2104,Jeff Sluman,1,NULL
1292,1999,12660,Jesper Parnevik,1,NULL
1293,1999,10809,Jim Furyk,1,NULL
1294,1999,6373,José María Olazábal,1,NULL
1295,1999,2010,Loren Roberts,1,NULL
1296,1999,10423,Mike Weir,1,NULL
1297,1999,20029,Notah Begay III,2,NULL
1298,1999,1139,Olin Browne,1,NULL
1299,1999,19904,Paul Lawrie,1,NULL
1300,1999,2146,Payne Stewart,2,NULL
1301,1999,23614,Rich Beem,1,NULL
1302,1999,1797,Rocco Mediate,1,NULL
1303,1999,1313,Steve Elkington,1,NULL
1304,1999,20098,Stuart Appleby,1,NULL
1305,1999,2218,Ted Tryba,1,NULL
1306,1999,8793,Tiger Woods,8,NULL
1307,1999,12782,Tim Herron,1,NULL
1308,1999,1941,Tom Pernice Jr.,1,NULL
1309,1999,6567,Vijay Singh,1,NULL
1310,2000,1024,Billy Andrade,1,NULL
1311,2000,1329,Brad Faxon,1,NULL
1312,2000,12823,Carlos Franco,1,NULL
1313,2000,6251,Chris DiMarco,1,NULL
1314,2000,19825,Darren Clarke,1,NULL
1315,2000,9011,David Duval,1,NULL
1316,2000,2206,David Toms,1,NULL
1317,2000,1927,Dennis Paulson,1,NULL
1318,2000,6575,Dudley Hart,1,NULL
1319,2000,2246,Duffy Waldorf,1,NULL
1320,2000,6522,Ernie Els,1,NULL
1321,2000,2170,Hal Sutton,2,NULL
1322,2000,12660,Jesper Parnevik,2,NULL
1323,2000,1175,Jim Carter,1,NULL
1324,2000,10809,Jim Furyk,1,NULL
1325,2000,1553,John Huston,1,NULL
1326,2000,10860,Justin Leonard,1,NULL
1327,2000,2214,Kirk Triplett,1,NULL
1328,2000,2010,Loren Roberts,1,NULL
1329,2000,12388,Michael Clark II,1,NULL
1330,2000,10423,Mike Weir,1,NULL
1331,2000,20029,Notah Begay III,2,NULL
1332,2000,1042,Paul Azinger,1,NULL
1333,2000,1810,Phil Mickelson,4,NULL
1334,2000,10885,Robert Allenby,2,NULL
1335,2000,1797,Rocco Mediate,1,NULL
1336,2000,23621,Rory Sabbatini,1,NULL
1337,2000,2239,Scott Verplank,1,NULL
1338,2000,1707,Steve Lowery,1,NULL
1339,2000,20229,Stewart Cink,1,NULL
1340,2000,8793,Tiger Woods,9,NULL
1341,2000,1677,Tom Lehman,1,NULL
1342,2000,10649,Tom Scherrer,1,NULL
1343,2000,6567,Vijay Singh,1,NULL
1344,2001,1320,Bob Estes,2,NULL
1345,2001,1329,Brad Faxon,1,NULL
1346,2001,12652,Cameron Beckman,1,NULL
1347,2001,6251,Chris DiMarco,1,NULL
1348,2001,9011,David Duval,1,NULL
1349,2001,23338,David Gossett,1,NULL
1350,2001,2206,David Toms,3,NULL
1351,2001,1706,Davis Love III,1,NULL
1352,2001,11032,Frank Lickliter II,1,NULL
1353,2001,20436,Garrett Willis,1,NULL
1354,2001,2170,Hal Sutton,1,NULL
1355,2001,2104,Jeff Sluman,1,NULL
1356,2001,12660,Jesper Parnevik,1,NULL
1357,2001,10809,Jim Furyk,1,NULL
1358,2001,6621,Joe Durant,2,NULL
1359,2001,1307,Joel Edwards,1,NULL
1360,2001,1219,John Cook,1,NULL
1361,2001,19972,José Coceres,2,NULL
1362,2001,10860,Justin Leonard,1,NULL
1363,2001,1945,Kenny Perry,1,NULL
1364,2001,1161,Mark Calcavecchia,1,NULL
1365,2001,10423,Mike Weir,1,NULL
1366,2001,1810,Phil Mickelson,2,NULL
1367,2001,20157,Retief Goosen,1,NULL
1368,2001,10885,Robert Allenby,2,NULL
1369,2001,19881,Robert Damron,1,NULL
1370,2001,1527,Scott Hoch,2,NULL
1371,2001,10585,Scott McCarron,1,NULL
1372,2001,2239,Scott Verplank,1,NULL
1373,2001,21209,Sergio Garcia,2,NULL
1374,2001,12680,Shigeki Maruyama,1,NULL
1375,2001,6527,Steve Stricker,1,NULL
1376,2001,8793,Tiger Woods,5,NULL
1377,2001,1941,Tom Pernice Jr.,1,NULL
1378,2002,6809,Bob Burns,1,NULL
1379,2002,1320,Bob Estes,1,NULL
1380,2002,21961,Charles Howell III,1,NULL
1381,2002,6251,Chris DiMarco,1,NULL
1382,2002,20127,Chris Riley,1,NULL
1383,2002,2106,Chris Smith,1,NULL
1384,2002,1920,Craig Parry,1,NULL
1385,2002,10912,Craig Perks,1,NULL
1386,2002,1361,Dan Forsman,1,NULL
1387,2002,6522,Ernie Els,2,NULL
1388,2002,2049,Gene Sauers,1,NULL
1389,2002,10565,Ian Leggatt,1,NULL
1390,2002,8537,J.P. Hayes,1,NULL
1391,2002,2104,Jeff Sluman,1,NULL
1392,2002,8075,Jerry Kelly,2,NULL
1393,2002,10809,Jim Furyk,1,NULL
1394,2002,22913,John Rollins,1,NULL
1395,2002,24925,Jonathan Byrd,1,NULL
1396,2002,6373,José María Olazábal,1,NULL
1397,2002,10860,Justin Leonard,1,NULL
1398,2002,24357,K.J. Choi,2,NULL
1399,2002,6595,Kevin Sutherland,1,NULL
1400,2002,1761,Len Mattiace,2,NULL
1401,2002,2010,Loren Roberts,1,NULL
1402,2002,23983,Luke Donald,1,NULL
1403,2002,10201,Matt Gogel,1,NULL
1404,2002,23108,Matt Kuchar,1,NULL
1405,2002,1968,Nick Price,1,NULL
1406,2002,1810,Phil Mickelson,2,NULL
1407,2002,12663,Phil Tataurangi,1,NULL
1408,2002,20157,Retief Goosen,1,NULL
1409,2002,23614,Rich Beem,2,NULL
1410,2002,1797,Rocco Mediate,1,NULL
1411,2002,21209,Sergio Garcia,1,NULL
1412,2002,12680,Shigeki Maruyama,1,NULL
1413,2002,8339,Spike McRoy,1,NULL
1414,2002,8793,Tiger Woods,5,NULL
1415,2002,6567,Vijay Singh,2,NULL
1416,2003,24502,Adam Scott,1,NULL
1417,2003,23541,Ben Crane,1,NULL
1418,2003,22621,Ben Curtis,1,NULL
1419,2003,2223,Bob Tway,1,NULL
1420,2003,12510,Chad Campbell,1,NULL
1421,2003,2133,Craig Stadler,1,NULL
1422,2003,19825,Darren Clarke,1,NULL
1423,2003,2206,David Toms,2,NULL
1424,2003,1706,Davis Love III,4,NULL
1425,2003,6522,Ernie Els,2,NULL
1426,2003,11032,Frank Lickliter II,1,NULL
1427,2003,1226,Fred Couples,1,NULL
1428,2003,1685,J.L. Lewis,1,NULL
1429,2003,10809,Jim Furyk,2,NULL
1430,2003,1553,John Huston,1,NULL
1431,2003,20094,Jonathan Kaye,1,NULL
1432,2003,10860,Justin Leonard,1,NULL
1433,2003,1945,Kenny Perry,3,NULL
1434,2003,2214,Kirk Triplett,1,NULL
1435,2003,10423,Mike Weir,3,NULL
1436,2003,1569,Peter Jacobsen,1,NULL
1437,2003,20157,Retief Goosen,1,NULL
1438,2003,23621,Rory Sabbatini,1,NULL
1439,2003,1527,Scott Hoch,1,NULL
1440,2003,6515,Shaun Micheel,1,NULL
1441,2003,12680,Shigeki Maruyama,1,NULL
1442,2003,7457,Steve Flesch,1,NULL
1443,2003,20098,Stuart Appleby,1,NULL
1444,2003,8793,Tiger Woods,5,NULL
1445,2003,1035,Tommy Armour III,1,NULL
1446,2003,6567,Vijay Singh,4,NULL
1447,2004,24502,Adam Scott,2,NULL
1448,2004,20580,Andre Stolz,1,NULL
1449,2004,1142,Bart Bryant,1,NULL
1450,2004,12645,Brent Geiberger,1,NULL
1451,2004,12823,Carlos Franco,1,NULL
1452,2004,12510,Chad Campbell,1,NULL
1453,2004,1920,Craig Parry,1,NULL
1454,2004,2206,David Toms,1,NULL
1455,2004,6522,Ernie Els,3,NULL
1456,2004,1381,Fred Funk,1,NULL
1457,2004,22293,Heath Slocum,1,NULL
1458,2004,2101,Joey Sindelar,1,NULL
1459,2004,1249,John Daly,1,NULL
1460,2004,24925,Jonathan Byrd,1,NULL
1461,2004,20094,Jonathan Kaye,1,NULL
1462,2004,20433,Mark Hensby,1,NULL
1463,2004,10423,Mike Weir,1,NULL
1464,2004,1810,Phil Mickelson,2,NULL
1465,2004,20157,Retief Goosen,2,NULL
1466,2004,20572,Rod Pampling,1,NULL
1467,2004,23320,Ryan Palmer,1,NULL
1468,2004,21209,Sergio Garcia,2,NULL
1469,2004,6004,Stephen Ames,1,NULL
1470,2004,7457,Steve Flesch,1,NULL
1471,2004,20229,Stewart Cink,2,NULL
1472,2004,20098,Stuart Appleby,1,NULL
1473,2004,8793,Tiger Woods,1,NULL
1474,2004,1473,Todd Hamilton,2,NULL
1475,2004,23325,Vaughn Taylor,1,NULL
1476,2004,6567,Vijay Singh,9,NULL
1477,2004,7867,Woody Austin,1,NULL
1478,2004,24024,Zach Johnson,1,NULL
1479,2005,1142,Bart Bryant,2,NULL
1480,2005,23541,Ben Crane,1,NULL
1481,2005,1329,Brad Faxon,1,NULL
1482,2005,25345,Carl Pettersson,1,NULL
1483,2005,2206,David Toms,1,NULL
1484,2005,1381,Fred Funk,1,NULL
1485,2005,22046,Geoff Ogilvy,1,NULL
1486,2005,22293,Heath Slocum,1,NULL
1487,2005,24507,Jason Bohn,1,NULL
1488,2005,22892,Jason Gore,1,NULL
1489,2005,10809,Jim Furyk,1,NULL
1490,2005,10860,Justin Leonard,2,NULL
1491,2005,24357,K.J. Choi,1,NULL
1492,2005,1945,Kenny Perry,2,NULL
1493,2005,25900,Lucas Glover,1,NULL
1494,2005,1161,Mark Calcavecchia,1,NULL
1495,2005,20400,Michael Campbell,1,NULL
1496,2005,1139,Olin Browne,1,NULL
1497,2005,20766,Padraig Harrington,2,NULL
1498,2005,20634,Peter Lonard,1,NULL
1499,2005,1810,Phil Mickelson,4,NULL
1500,2005,20157,Retief Goosen,1,NULL
1501,2005,1388,Robert Gamez,1,NULL
1502,2005,24140,Sean O'Hair,1,NULL
1503,2005,21209,Sergio Garcia,1,NULL
1504,2005,20098,Stuart Appleby,1,NULL
1505,2005,21959,Ted Purdy,1,NULL
1506,2005,8793,Tiger Woods,6,NULL
1507,2005,1948,Tim Petrovic,1,NULL
1508,2005,23325,Vaughn Taylor,1,NULL
1509,2005,6567,Vijay Singh,4,NULL
1510,2005,7013,Wes Short Jr,1,NULL
1511,2006,22371,Aaron Baddeley,1,NULL
1512,2006,24502,Adam Scott,1,NULL
1513,2006,20628,Arron Oberholser,1,NULL
1514,2006,22621,Ben Curtis,2,NULL
1515,2006,23322,Brett Wetterich,1,NULL
1516,2006,25345,Carl Pettersson,1,NULL
1517,2006,12510,Chad Campbell,1,NULL
1518,2006,11123,Chris Couch,1,NULL
1519,2006,1928,Corey Pavin,1,NULL
1520,2006,23788,D.J. Trahan,1,NULL
1521,2006,2206,David Toms,1,NULL
1522,2006,1706,Davis Love III,1,NULL
1523,2006,12602,Dean Wilson,1,NULL
1524,2006,23048,Eric Axley,1,NULL
1525,2006,22046,Geoff Ogilvy,2,NULL
1526,2006,27141,J.B. Holmes,1,NULL
1527,2006,23353,J.J. Henry,1,NULL
1528,2006,1724,Jeff Maggert,1,NULL
1529,2006,10809,Jim Furyk,2,NULL
1530,2006,6621,Joe Durant,1,NULL
1531,2006,22913,John Rollins,1,NULL
1532,2006,20645,John Senden,1,NULL
1533,2006,24357,K.J. Choi,1,NULL
1534,2006,2214,Kirk Triplett,1,NULL
1535,2006,23983,Luke Donald,1,NULL
1536,2006,1810,Phil Mickelson,2,NULL
1537,2006,20572,Rod Pampling,1,NULL
1538,2006,23621,Rory Sabbatini,1,NULL
1539,2006,6004,Stephen Ames,1,NULL
1540,2006,20098,Stuart Appleby,2,NULL
1541,2006,8793,Tiger Woods,8,NULL
1542,2006,12782,Tim Herron,1,NULL
1543,2006,22378,Trevor Immelman,1,NULL
1544,2006,27120,Troy Matteson,1,NULL
1545,2006,6567,Vijay Singh,1,NULL
1546,2006,24912,Will MacKenzie,1,NULL
1547,2007,22371,Aaron Baddeley,1,NULL
1548,2007,24502,Adam Scott,1,NULL
1549,2007,20848,Ángel Cabrera,1,NULL
1550,2007,26289,Boo Weekley,1,NULL
1551,2007,27649,Brandt Snedeker,1,NULL
1552,2007,7223,Brian Bateman,1,NULL
1553,2007,12510,Chad Campbell,1,NULL
1554,2007,21961,Charles Howell III,1,NULL
1555,2007,12716,Charley Hoffman,1,NULL
1556,2007,20850,Daniel Chopra,1,NULL
1557,2007,1381,Fred Funk,1,NULL
1558,2007,24490,George McNeill,1,NULL
1559,2007,21528,Henrik Stenson,1,NULL
1560,2007,24781,Hunter Mahan,1,NULL
1561,2007,10809,Jim Furyk,1,NULL
1562,2007,21949,Joe Ogilvie,1,NULL
1563,2007,24925,Jonathan Byrd,1,NULL
1564,2007,10860,Justin Leonard,1,NULL
1565,2007,24357,K.J. Choi,2,NULL
1566,2007,1161,Mark Calcavecchia,1,NULL
1567,2007,21878,Mark Wilson,1,NULL
1568,2007,10423,Mike Weir,1,NULL
1569,2007,27095,Nick Watney,1,NULL
1570,2007,20766,Padraig Harrington,1,NULL
1571,2007,6643,Paul Goydos,1,NULL
1572,2007,1810,Phil Mickelson,3,NULL
1573,2007,23621,Rory Sabbatini,1,NULL
1574,2007,2239,Scott Verplank,1,NULL
1575,2007,6004,Stephen Ames,1,NULL
1576,2007,7457,Steve Flesch,2,NULL
1577,2007,6527,Steve Stricker,1,NULL
1578,2007,8793,Tiger Woods,7,NULL
1579,2007,6567,Vijay Singh,2,NULL
1580,2007,7867,Woody Austin,1,NULL
1581,2007,24024,Zach Johnson,2,NULL
1582,2008,24502,Adam Scott,1,NULL
1583,2008,25562,Andres Romero,1,NULL
1584,2008,29718,Anthony Kim,2,NULL
1585,2008,26289,Boo Weekley,1,NULL
1586,2008,19846,Brian Gay,1,NULL
1587,2008,12652,Cameron Beckman,1,NULL
1588,2008,27770,Camilo Villegas,2,NULL
1589,2008,25345,Carl Pettersson,1,NULL
1590,2008,26476,Chez Reavie,1,NULL
1591,2008,23788,D.J. Trahan,1,NULL
1592,2008,20850,Daniel Chopra,1,NULL
1593,2008,1706,Davis Love III,1,NULL
1594,2008,30925,Dustin Johnson,1,NULL
1595,2008,6522,Ernie Els,1,NULL
1596,2008,22046,Geoff Ogilvy,1,NULL
1597,2008,6012,Greg Kraft,1,NULL
1598,2008,27141,J.B. Holmes,1,NULL
1599,2008,26951,Johnson Wagner,1,NULL
1600,2008,10860,Justin Leonard,1,NULL
1601,2008,24357,K.J. Choi,1,NULL
1602,2008,1945,Kenny Perry,3,NULL
1603,2008,26668,Marc Turnesa,1,NULL
1604,2008,20766,Padraig Harrington,2,NULL
1605,2008,24449,Parker McLachlin,1,NULL
1606,2008,1810,Phil Mickelson,2,NULL
1607,2008,26420,Richard Johnson,1,NULL
1608,2008,23320,Ryan Palmer,1,NULL
1609,2008,21350,Ryuji Imada,1,NULL
1610,2008,24140,Sean O'Hair,1,NULL
1611,2008,21209,Sergio Garcia,1,NULL
1612,2008,1707,Steve Lowery,1,NULL
1613,2008,20229,Stewart Cink,1,NULL
1614,2008,8793,Tiger Woods,4,NULL
1615,2008,22378,Trevor Immelman,1,NULL
1616,2008,6567,Vijay Singh,3,NULL
1617,2008,24912,Will MacKenzie,1,NULL
1618,2008,24024,Zach Johnson,1,NULL
1619,2009,20848,Ángel Cabrera,1,NULL
1620,2009,23623,Bo Van Pelt,1,NULL
1621,2009,19846,Brian Gay,2,NULL
1622,2009,30925,Dustin Johnson,1,NULL
1623,2009,22046,Geoff Ogilvy,2,NULL
1624,2009,22293,Heath Slocum,1,NULL
1625,2009,21528,Henrik Stenson,1,NULL
1626,2009,8075,Jerry Kelly,1,NULL
1627,2009,22913,John Rollins,1,NULL
1628,2009,1945,Kenny Perry,2,NULL
1629,2009,25900,Lucas Glover,1,NULL
1630,2009,21878,Mark Wilson,1,NULL
1631,2009,27936,Martin Laird,1,NULL
1632,2009,23108,Matt Kuchar,1,NULL
1633,2009,1116,Michael Bradley,1,NULL
1634,2009,23718,Nathan Green,1,NULL
1635,2009,27095,Nick Watney,1,NULL
1636,2009,24361,Pat Perez,1,NULL
1637,2009,25364,Paul Casey,1,NULL
1638,2009,1810,Phil Mickelson,3,NULL
1639,2009,20157,Retief Goosen,1,NULL
1640,2009,23621,Rory Sabbatini,1,NULL
1641,2009,26596,Ryan Moore,1,NULL
1642,2009,24140,Sean O'Hair,1,NULL
1643,2009,6004,Stephen Ames,1,NULL
1644,2009,6527,Steve Stricker,3,NULL
1645,2009,20229,Stewart Cink,1,NULL
1646,2009,8793,Tiger Woods,6,NULL
1647,2009,27120,Troy Matteson,1,NULL
1648,2009,24663,Y.E. Yang,2,NULL
1649,2009,24024,Zach Johnson,2,NULL
1650,2010,24502,Adam Scott,1,NULL
1651,2010,29718,Anthony Kim,1,NULL
1652,2010,21407,Arjun Atwal,1,NULL
1653,2010,23541,Ben Crane,1,NULL
1654,2010,24924,Bill Haas,2,NULL
1655,2010,23548,Bill Lunde,1,NULL
1656,2010,25804,Bubba Watson,1,NULL
1657,2010,12652,Cameron Beckman,1,NULL
1658,2010,27770,Camilo Villegas,1,NULL
1659,2010,25345,Carl Pettersson,1,NULL
1660,2010,12716,Charley Hoffman,1,NULL
1661,2010,27797,Derek Lamely,1,NULL
1662,2010,30925,Dustin Johnson,2,NULL
1663,2010,6522,Ernie Els,2,NULL
1664,2010,22046,Geoff Ogilvy,1,NULL
1665,2010,25572,Graeme McDowell,1,NULL
1666,2010,22293,Heath Slocum,1,NULL
1667,2010,24781,Hunter Mahan,2,NULL
1668,2010,24138,Ian Poulter,1,NULL
1669,2010,24507,Jason Bohn,1,NULL
1670,2010,28089,Jason Day,1,NULL
1671,2010,10809,Jim Furyk,3,NULL
1672,2010,24925,Jonathan Byrd,1,NULL
1673,2010,22405,Justin Rose,2,NULL
1674,2010,20396,Lee Westwood,1,NULL
1675,2010,26329,Louis Oosthuizen,1,NULL
1676,2010,27408,Martin Kaymer,1,NULL
1677,2010,20070,Matt Bettencourt,1,NULL
1678,2010,23108,Matt Kuchar,1,NULL
1679,2010,1810,Phil Mickelson,1,NULL
1680,2010,24358,Robert Garrigus,1,NULL
1681,2010,1797,Rocco Mediate,1,NULL
1682,2010,28237,Rory McIlroy,1,NULL
1683,2010,23320,Ryan Palmer,1,NULL
1684,2010,6527,Steve Stricker,2,NULL
1685,2010,20098,Stuart Appleby,1,NULL
1686,2010,23135,Tim Clark,1,NULL
1687,2010,24024,Zach Johnson,1,NULL
1688,2011,22371,Aaron Baddeley,1,NULL
1689,2011,24502,Adam Scott,1,NULL
1690,2011,23541,Ben Crane,1,NULL
1691,2011,24924,Bill Haas,1,NULL
1692,2011,27649,Brandt Snedeker,1,NULL
1693,2011,29518,Brendan Steele,1,NULL
1694,2011,23800,Bryce Molder,1,NULL
1695,2011,25804,Bubba Watson,2,NULL
1696,2011,26331,Charl Schwartzel,1,NULL
1697,2011,30926,Chris Kirk,1,NULL
1698,2011,25240,D.A. Points,1,NULL
1699,2011,19825,Darren Clarke,1,NULL
1700,2011,2206,David Toms,1,NULL
1701,2011,30925,Dustin Johnson,1,NULL
1702,2011,21731,Freddie Jacobson,1,NULL
1703,2011,31323,Gary Woodland,1,NULL
1704,2011,21805,Harrison Frazar,1,NULL
1705,2011,27064,Jhonattan Vegas,1,NULL
1706,2011,26951,Johnson Wagner,1,NULL
1707,2011,24925,Jonathan Byrd,1,NULL
1708,2011,22405,Justin Rose,1,NULL
1709,2011,24357,K.J. Choi,1,NULL
1710,2011,33141,Keegan Bradley,2,NULL
1711,2011,25396,Kevin Na,1,NULL
1712,2011,25900,Lucas Glover,1,NULL
1713,2011,23983,Luke Donald,2,NULL
1714,2011,21878,Mark Wilson,2,NULL
1715,2011,27936,Martin Laird,1,NULL
1716,2011,1116,Michael Bradley,1,NULL
1717,2011,27095,Nick Watney,2,NULL
1718,2011,1810,Phil Mickelson,1,NULL
1719,2011,28237,Rory McIlroy,1,NULL
1720,2011,23621,Rory Sabbatini,1,NULL
1721,2011,25818,Scott Piercy,1,NULL
1722,2011,30692,Scott Stallings,1,NULL
1723,2011,24140,Sean O'Hair,1,NULL
1724,2011,6527,Steve Stricker,2,NULL
1725,2011,29221,Webb Simpson,2,NULL
1726,2012,22621,Ben Curtis,1,NULL
1727,2012,24924,Bill Haas,1,NULL
1728,2012,27649,Brandt Snedeker,2,NULL
1729,2012,25804,Bubba Watson,1,NULL
1730,2012,25345,Carl Pettersson,1,NULL
1731,2012,32334,Charlie Beljan,1,NULL
1732,2012,30925,Dustin Johnson,1,NULL
1733,2012,6522,Ernie Els,1,NULL
1734,2012,24490,George McNeill,1,NULL
1735,2012,24781,Hunter Mahan,2,NULL
1736,2012,23353,J.J. Henry,1,NULL
1737,2012,25686,Jason Dufner,2,NULL
1738,2012,34174,John Huh,1,NULL
1739,2012,26951,Johnson Wagner,1,NULL
1740,2012,27895,Jonas Blixt,1,NULL
1741,2012,22405,Justin Rose,1,NULL
1742,2012,33141,Keegan Bradley,1,NULL
1743,2012,30110,Kyle Stanley,1,NULL
1744,2012,23983,Luke Donald,1,NULL
1745,2012,26851,Marc Leishman,1,NULL
1746,2012,21878,Mark Wilson,1,NULL
1747,2012,23108,Matt Kuchar,1,NULL
1748,2012,27095,Nick Watney,1,NULL
1749,2012,1810,Phil Mickelson,1,NULL
1750,2012,32102,Rickie Fowler,1,NULL
1751,2012,28237,Rory McIlroy,4,NULL
1752,2012,26596,Ryan Moore,1,NULL
1753,2012,25818,Scott Piercy,1,NULL
1754,2012,30692,Scott Stallings,1,NULL
1755,2012,21209,Sergio Garcia,1,NULL
1756,2012,6527,Steve Stricker,1,NULL
1757,2012,27556,Ted Potter Jr,1,NULL
1758,2012,8793,Tiger Woods,3,NULL
1759,2012,30750,Tommy Gainey,1,NULL
1760,2012,29221,Webb Simpson,1,NULL
1761,2012,24024,Zach Johnson,2,NULL
1762,2013,24502,Adam Scott,2,NULL
1763,2013,28259,Sangmoon Bae,1,NULL
1764,2013,24924,Bill Haas,1,NULL
1765,2013,29420,Billy Horschel,1,NULL
1766,2013,26289,Boo Weekley,1,NULL
1767,2013,27649,Brandt Snedeker,2,NULL
1768,2013,19846,Brian Gay,1,NULL
1769,2013,25240,D.A. Points,1,NULL
1770,2013,37273,Derek Ernst,1,NULL
1771,2013,30925,Dustin Johnson,1,NULL
1772,2013,31323,Gary Woodland,1,NULL
1773,2013,25572,Graeme McDowell,1,NULL
1774,2013,34099,Harris English,1,NULL
1775,2013,21528,Henrik Stenson,2,NULL
1776,2013,25686,Jason Dufner,1,NULL
1777,2013,27933,John Merrick,1,NULL
1778,2013,27895,Jonas Blixt,1,NULL
1779,2013,34046,Jordan Spieth,1,NULL
1780,2013,22405,Justin Rose,1,NULL
1781,2013,20104,Ken Duke,1,NULL
1782,2013,27214,Kevin Streelman,1,NULL
1783,2013,27936,Martin Laird,1,NULL
1784,2013,23108,Matt Kuchar,2,NULL
1785,2013,32150,Michael Thompson,1,NULL
1786,2013,34360,Patrick Reed,1,NULL
1787,2013,1810,Phil Mickelson,2,NULL
1788,2013,34098,Russell Henley,1,NULL
1789,2013,29479,Scott Brown,1,NULL
1790,2013,8793,Tiger Woods,5,NULL
1791,2013,7867,Woody Austin,1,NULL
1792,2013,24024,Zach Johnson,1,NULL
1793,2014,24502,Adam Scott,1,NULL
1794,2014,20848,Ángel Cabrera,1,NULL
1795,2014,23541,Ben Crane,1,NULL
1796,2014,29420,Billy Horschel,2,NULL
1797,2014,30927,Brendon Todd,1,NULL
1798,2014,27644,Brian Harman,1,NULL
1799,2014,25804,Bubba Watson,2,NULL
1800,2014,27770,Camilo Villegas,1,NULL
1801,2014,34563,Chesson Hadley,1,NULL
1802,2014,30926,Chris Kirk,2,NULL
1803,2014,30925,Dustin Johnson,1,NULL
1804,2014,22046,Geoff Ogilvy,1,NULL
1805,2014,34099,Harris English,1,NULL
1806,2014,32839,Hideki Matsuyama,1,NULL
1807,2014,24781,Hunter Mahan,1,NULL
1808,2014,27141,J.B. Holmes,1,NULL
1809,2014,28089,Jason Day,1,NULL
1810,2014,25632,Jimmy Walker,3,NULL
1811,2014,20645,John Senden,1,NULL
1812,2014,22405,Justin Rose,1,NULL
1813,2014,26679,Kevin Stadler,1,NULL
1814,2014,27214,Kevin Streelman,1,NULL
1815,2014,27408,Martin Kaymer,2,NULL
1816,2014,28307,Matt Every,1,NULL
1817,2014,26300,Matt Jones,1,NULL
1818,2014,23108,Matt Kuchar,1,NULL
1819,2014,29289,S.Y. Noh,1,NULL
1820,2014,34360,Patrick Reed,2,NULL
1821,2014,28237,Rory McIlroy,3,NULL
1822,2014,34098,Russell Henley,1,NULL
1823,2014,26596,Ryan Moore,1,NULL
1824,2014,30692,Scott Stallings,1,NULL
1825,2014,25274,Steven Bowditch,1,NULL
1826,2014,23135,Tim Clark,1,NULL
1827,2014,29221,Webb Simpson,1,NULL
1828,2014,24024,Zach Johnson,1,NULL
1829,2015,20472,Alex Cejka,1,NULL
1830,2015,28259,Sangmoon Bae,1,NULL
1831,2015,33413,Ben Martin,1,NULL
1832,2015,24924,Bill Haas,1,NULL
1833,2015,27649,Brandt Snedeker,1,NULL
1834,2015,36689,Brooks Koepka,1,NULL
1835,2015,25804,Bubba Watson,2,NULL
1836,2015,12716,Charley Hoffman,1,NULL
1837,2015,30926,Chris Kirk,1,NULL
1838,2015,29926,Danny Lee,1,NULL
1839,2015,34409,David Lingmerth,1,NULL
1840,2015,1706,Davis Love III,1,NULL
1841,2015,30925,Dustin Johnson,1,NULL
1842,2015,28679,Fabián Gómez,1,NULL
1843,2015,27141,J.B. Holmes,1,NULL
1844,2015,23353,J.J. Henry,1,NULL
1845,2015,32448,James Hahn,1,NULL
1846,2015,28089,Jason Day,5,NULL
1847,2015,10809,Jim Furyk,1,NULL
1848,2015,25632,Jimmy Walker,2,NULL
1849,2015,34046,Jordan Spieth,5,NULL
1850,2015,22405,Justin Rose,1,NULL
1851,2015,28307,Matt Every,1,NULL
1852,2015,25493,Nick Taylor,1,NULL
1853,2015,20766,Padraig Harrington,1,NULL
1854,2015,34360,Patrick Reed,1,NULL
1855,2015,32102,Rickie Fowler,2,NULL
1856,2015,34431,Robert Streb,1,NULL
1857,2015,28237,Rory McIlroy,2,NULL
1858,2015,26596,Ryan Moore,1,NULL
1859,2015,25818,Scott Piercy,1,NULL
1860,2015,33204,Shane Lowry,1,NULL
1861,2015,25274,Steven Bowditch,1,NULL
1862,2015,32640,Troy Merritt,1,NULL
1863,2015,24024,Zach Johnson,1,NULL
1864,2016,22371,Aaron Baddeley,1,NULL
1865,2016,24502,Adam Scott,2,NULL
1866,2016,29222,Billy Hurley III,1,NULL
1867,2016,29974,Branden Grace,1,NULL
1868,2016,27649,Brandt Snedeker,1,NULL
1869,2016,31560,Brian Stuard,1,NULL
1870,2016,25804,Bubba Watson,1,NULL
1871,2016,26331,Charl Schwartzel,1,NULL
1872,2016,12716,Charley Hoffman,1,NULL
1873,2016,40026,Daniel Berger,1,NULL
1874,2016,32139,Danny Willett,1,NULL
1875,2016,30925,Dustin Johnson,3,NULL
1876,2016,31646,Emiliano Grillo,1,NULL
1877,2016,28679,Fabián Gómez,1,NULL
1878,2016,25572,Graeme McDowell,1,NULL
1879,2016,20593,Greg Chalmers,1,NULL
1880,2016,21528,Henrik Stenson,1,NULL
1881,2016,32839,Hideki Matsuyama,1,NULL
1882,2016,32448,James Hahn,1,NULL
1883,2016,28089,Jason Day,3,NULL
1884,2016,25686,Jason Dufner,1,NULL
1885,2016,27064,Jhonattan Vegas,1,NULL
1886,2016,31557,Jim Herman,1,NULL
1887,2016,25632,Jimmy Walker,1,NULL
1888,2016,34046,Jordan Spieth,2,NULL
1889,2016,33448,Justin Thomas,1,NULL
1890,2016,29478,Kevin Kisner,1,NULL
1891,2016,37455,Si Woo Kim,1,NULL
1892,2016,34360,Patrick Reed,1,NULL
1893,2016,34466,Peter Malnati,1,NULL
1894,2016,28237,Rory McIlroy,2,NULL
1895,2016,33122,Russell Knox,2,NULL
1896,2016,26596,Ryan Moore,1,NULL
1897,2016,21209,Sergio Garcia,1,NULL
1898,2016,46440,Smylie Kaufman,1,NULL
1899,2016,29725,Tony Finau,1,NULL
1900,2016,23325,Vaughn Taylor,1,NULL
1901,2016,31202,William McGirt,1,NULL
1902,2017,33399,Adam Hadwin,1,NULL
1903,2017,29420,Billy Horschel,1,NULL
1904,2017,29518,Brendan Steele,1,NULL
1905,2017,27644,Brian Harman,1,NULL
1906,2017,36689,Brooks Koepka,1,NULL
1907,2017,47959,Bryson DeChambeau,1,NULL
1908,2017,35891,Cameron Smith,0,1
1909,2017,27963,Chris Stroud,1,NULL
1910,2017,39954,Cody Gribble,1,NULL
1911,2017,25240,D.A. Points,1,NULL
1912,2017,40026,Daniel Berger,1,NULL
1913,2017,30925,Dustin Johnson,4,NULL
1914,2017,34213,Grayson Murray,1,NULL
1915,2017,21528,Henrik Stenson,1,NULL
1916,2017,32839,Hideki Matsuyama,3,NULL
1917,2017,34264,Hudson Swafford,1,NULL
1918,2017,25686,Jason Dufner,1,NULL
1919,2017,27064,Jhonattan Vegas,1,NULL
1920,2017,46970,Jon Rahm,1,NULL
1921,2017,27895,Jonas Blixt,0,1
1922,2017,34046,Jordan Spieth,3,NULL
1923,2017,33448,Justin Thomas,5,NULL
1924,2017,32366,Kevin Chappell,1,NULL
1925,2017,29478,Kevin Kisner,1,NULL
1926,2017,37455,Si Woo Kim,1,NULL
1927,2017,30110,Kyle Stanley,1,NULL
1928,2017,35506,Mackenzie Hughes,1,NULL
1929,2017,26851,Marc Leishman,2,NULL
1930,2017,24361,Pat Perez,1,NULL
1931,2017,32102,Rickie Fowler,1,NULL
1932,2017,20572,Rod Pampling,1,NULL
1933,2017,34098,Russell Henley,1,NULL
1934,2017,21209,Sergio Garcia,1,NULL
1935,2017,48084,Wesley Bryan,1,NULL
1936,2017,48081,Xander Schauffele,2,NULL
1937,2018,49964,Aaron Wise,1,NULL
1938,2018,33410,Andrew Landry,1,NULL
1939,2018,34256,Andrew Putnam,1,NULL
1940,2018,46435,Austin Cook,1,NULL
1941,2018,29420,Billy Horschel,0,1
1942,2018,27649,Brandt Snedeker,1,NULL
1943,2018,29518,Brendan Steele,1,NULL
1944,2018,29535,Brice Garnett,1,NULL
1945,2018,36689,Brooks Koepka,2,NULL
1946,2018,47959,Bryson DeChambeau,3,NULL
1947,2018,25804,Bubba Watson,3,NULL
1948,2018,30925,Dustin Johnson,3,NULL
1949,2018,25198,Francesco Molinari,2,NULL
1950,2018,31323,Gary Woodland,1,NULL
1951,2018,24138,Ian Poulter,1,NULL
1952,2018,28089,Jason Day,2,NULL
1953,2018,46970,Jon Rahm,1,NULL
1954,2018,22405,Justin Rose,2,NULL
1955,2018,33448,Justin Thomas,3,NULL
1956,2018,33141,Keegan Bradley,1,NULL
1957,2018,25396,Kevin Na,1,NULL
1958,2018,39975,Michael Kim,1,NULL
1959,2018,24361,Pat Perez,1,NULL
1960,2018,35450,Patrick Cantlay,1,NULL
1961,2018,34360,Patrick Reed,1,NULL
1962,2018,32757,Patton Kizzire,2,NULL
1963,2018,25364,Paul Casey,1,NULL
1964,2018,1810,Phil Mickelson,1,NULL
1965,2018,28237,Rory McIlroy,1,NULL
1966,2018,19803,Ryan Armour,1,NULL
1967,2018,32816,Satoshi Kodaira,1,NULL
1968,2018,25818,Scott Piercy,0,1
1969,2018,27556,Ted Potter Jr,1,NULL
1970,2018,8793,Tiger Woods,1,NULL
1971,2018,32640,Troy Merritt,1,NULL
1972,2018,29221,Webb Simpson,1,NULL
1973,2019,35449,Adam Long,1,NULL
1974,2019,36689,Brooks Koepka,3,NULL
1975,2019,47959,Bryson DeChambeau,1,NULL
1976,2019,52372,Cameron Champ,1,NULL
1977,2019,21961,Charles Howell III,1,NULL
1978,2019,26476,Chez Reavie,1,NULL
1979,2019,50525,Collin Morikawa,1,NULL
1980,2019,39997,Corey Conners,1,NULL
1981,2019,30925,Dustin Johnson,1,NULL
1982,2019,29970,Dylan Frittelli,1,NULL
1983,2019,25198,Francesco Molinari,1,NULL
1984,2019,31323,Gary Woodland,1,NULL
1985,2019,25572,Graeme McDowell,1,NULL
1986,2019,27141,J.B. Holmes,1,NULL
1987,2019,49771,J.T. Poston,1,NULL
1988,2019,31557,Jim Herman,1,NULL
1989,2019,46970,Jon Rahm,0,1
1990,2019,22405,Justin Rose,1,NULL
1991,2019,33448,Justin Thomas,1,NULL
1992,2019,27974,Sung Kang,1,NULL
1993,2019,39546,Keith Mitchell,1,NULL
1994,2019,29478,Kevin Kisner,1,NULL
1995,2019,25396,Kevin Na,1,NULL
1996,2019,32333,Kevin Tway,1,NULL
1997,2019,26851,Marc Leishman,1,NULL
1998,2019,35617,Martin Trainer,1,NULL
1999,2019,23108,Matt Kuchar,2,NULL
2000,2019,56278,Matthew Wolff,1,NULL
2001,2019,39977,Max Homa,1,NULL
2002,2019,28775,Nate Lashley,1,NULL
2003,2019,29908,C.T. Pan,1,NULL
2004,2019,35450,Patrick Cantlay,1,NULL
2005,2019,34360,Patrick Reed,1,NULL
2006,2019,25364,Paul Casey,1,NULL
2007,2019,1810,Phil Mickelson,1,NULL
2008,2019,32102,Rickie Fowler,1,NULL
2009,2019,28237,Rory McIlroy,3,NULL
2010,2019,23320,Ryan Palmer,0,1
2011,2019,33204,Shane Lowry,1,NULL
2012,2019,8793,Tiger Woods,1,NULL
2013,2019,48081,Xander Schauffele,2,NULL
2014,2020,24502,Adam Scott,1,NULL
2015,2020,33410,Andrew Landry,1,NULL
2016,2020,30927,Brendon Todd,2,NULL
2017,2020,47959,Bryson DeChambeau,1,NULL
2018,2020,52372,Cameron Champ,1,NULL
2019,2020,35891,Cameron Smith,1,NULL
2020,2020,50525,Collin Morikawa,2,NULL
2021,2020,40026,Daniel Berger,1,NULL
2022,2020,30925,Dustin Johnson,3,NULL
2023,2020,39971,Sungjae Im,1,NULL
2024,2020,31557,Jim Herman,1,NULL
2025,2020,45486,Joaquin Niemann,1,NULL
2026,2020,46970,Jon Rahm,2,NULL
2027,2020,33448,Justin Thomas,3,NULL
2028,2020,25396,Kevin Na,1,NULL
2029,2020,35310,Lanto Griffin,1,NULL
2030,2020,26851,Marc Leishman,1,NULL
2031,2020,32150,Michael Thompson,1,NULL
2032,2020,25493,Nick Taylor,1,NULL
2033,2020,34360,Patrick Reed,1,NULL
2034,2020,47128,Richy Werenski,1,NULL
2035,2020,28237,Rory McIlroy,1,NULL
2036,2020,48822,Sebastián Muñoz,1,NULL
2037,2020,8793,Tiger Woods,1,NULL
2038,2020,45609,Tyler Duncan,1,NULL
2039,2020,34363,Tyrrell Hatton,1,NULL
2040,2020,46717,Viktor Hovland,1,NULL
2041,2020,29221,Webb Simpson,2,NULL
2042,2021,45526,Abraham Ancer,1,NULL
2043,2021,29420,Billy Horschel,1,NULL
2044,2021,29974,Branden Grace,1,NULL
2045,2021,19846,Brian Gay,1,NULL
2046,2021,36689,Brooks Koepka,1,NULL
2047,2021,47959,Bryson DeChambeau,2,NULL
2048,2021,52372,Cameron Champ,1,NULL
2049,2021,45157,Cam Davis,1,NULL
2050,2021,35891,Cameron Smith,0,1
2051,2021,33667,Carlos Ortiz,1,NULL
2052,2021,50525,Collin Morikawa,2,NULL
2053,2021,40026,Daniel Berger,1,NULL
2054,2021,30925,Dustin Johnson,1,NULL
2055,2021,40006,Erik van Rooyen,1,NULL
2056,2021,54421,Garrick Higgo,1,NULL
2057,2021,34099,Harris English,2,NULL
2058,2021,32839,Hideki Matsuyama,1,NULL
2059,2021,34264,Hudson Swafford,1,NULL
2060,2021,30944,Jason Kokrak,2,NULL
2061,2021,34076,Joel Dahmen,1,NULL
2062,2021,46970,Jon Rahm,1,NULL
2063,2021,34046,Jordan Spieth,1,NULL
2064,2021,33448,Justin Thomas,1,NULL
2065,2021,29478,Kevin Kisner,1,NULL
2066,2021,25396,Kevin Na,1,NULL
2067,2021,37455,Si Woo Kim,1,NULL
2068,2021,32791,K.H. Lee,1,NULL
2069,2021,25900,Lucas Glover,1,NULL
2070,2021,26851,Marc Leishman,0,1
2071,2021,27936,Martin Laird,1,NULL
2072,2021,26300,Matt Jones,1,NULL
2073,2021,39977,Max Homa,1,NULL
2074,2021,35450,Patrick Cantlay,4,NULL
2075,2021,34360,Patrick Reed,1,NULL
2076,2021,1810,Phil Mickelson,1,NULL
2077,2021,34431,Robert Streb,1,NULL
2078,2021,28237,Rory McIlroy,1,NULL
2079,2021,47504,Sam Burns,1,NULL
2080,2021,28252,Seamus Power,1,NULL
2081,2021,21209,Sergio Garcia,1,NULL
2082,2021,20229,Stewart Cink,2,NULL
2083,2021,29725,Tony Finau,1,NULL
2084,2021,46717,Viktor Hovland,1,NULL
2085,2022,29420,Billy Horschel,1,NULL
2086,2022,35891,Cameron Smith,3,NULL
2087,2022,47983,Chad Ramey,1,NULL
2088,2022,26476,Chez Reavie,1,NULL
2089,2022,32839,Hideki Matsuyama,2,NULL
2090,2022,34264,Hudson Swafford,1,NULL
2091,2022,39971,Sungjae Im,1,NULL
2092,2022,39324,J.J. Spaun,1,NULL
2093,2022,49771,J.T. Poston,1,NULL
2094,2022,30944,Jason Kokrak,1,NULL
2095,2022,45486,Joaquin Niemann,1,NULL
2096,2022,46970,Jon Rahm,1,NULL
2097,2022,34046,Jordan Spieth,1,NULL
2098,2022,33448,Justin Thomas,1,NULL
2099,2022,55182,Tom Kim,1,NULL
2100,2022,32791,K.H. Lee,1,NULL
2101,2022,39058,Lucas Herbert,1,NULL
2102,2022,27129,Luke List,1,NULL
2103,2022,40098,Matt Fitzpatrick,1,NULL
2104,2022,39977,Max Homa,2,NULL
2105,2022,35450,Patrick Cantlay,1,1
2106,2022,28237,Rory McIlroy,3,NULL
2107,2022,28420,Ryan Brehm,1,NULL
2108,2022,47504,Sam Burns,3,NULL
2109,2022,46046,Scottie Scheffler,4,NULL
2110,2022,49960,Sepp Straka,1,NULL
2111,2022,46402,Talor Gooch,1,NULL
2112,2022,35532,Tom Hoge,1,NULL
2113,2022,29725,Tony Finau,2,NULL
2114,2022,46601,Trey Mullinax,1,NULL
2115,2022,46717,Viktor Hovland,1,NULL
2116,2022,47483,Will Zalatoris,1,NULL
2117,2022,48081,Xander Schauffele,2,1
